description,detail_url,name,num
"
注意文明租号，开挂的，我们会进行法律维权，信息化时代查IP查人很好办的，注意文明租号，谢谢
qe-90V-王者之翼之力之武之怒-火麒麟音效-黑骑士音效等-火麒麟-雷神-天启-武圣-生化爆破都可",http://list.xubei.org/goods_details?goodsId=3361747,qe-90V-王者之翼之力之武之怒-火麒麟音效-黑骑士音效等-火麒麟-雷神-天启-武圣-生化爆破都可,57337656052844
A76穿越火线☆30V☆2王者☆m200幻神☆王者之心☆雷神☆黑骑士☆白虎☆毁灭☆激光☆,http://list.xubei.org/goods_details?goodsId=3252138,A76穿越火线☆30V☆2王者☆m200幻神☆王者之心☆雷神☆黑骑士☆白虎☆毁灭☆激光☆,1622484261743
"PP644可排位/氪金皮肤号/254V★幻神-冠军之幻-幻神音效/6烈龙-斯太尔蝴蝶/6盘★传说光耀序列号版/全音效卡/荣耀世冠全套/雷霆王者全套-幽角色★全套冠军系列皮肤/荣耀系列全皮肤/全CFS2018系列/幻神黄忠皮肤/雷神宠儿/毁灭2020/黑骑士2021★王者春/王者玲珑小乔/迷迭香/王者貂蝉/王者魅影★王者幻神/星神/白虎/朱雀/CAT猫枪★等等
",http://list.xubei.org/goods_details?goodsId=2868064,PP644可排位/氪金皮肤号/254V★幻神-冠军之幻-幻神音效/6烈龙-斯太尔蝴蝶/6盘★传说光耀序列号版/全音效卡/荣耀世冠全套/雷霆王者全套-幽角色★全套冠军系列皮肤/荣耀系列全皮肤/全CFS2018系列/幻神黄忠皮肤/雷神宠儿/毁灭2020/黑骑士2021★王者春/王者玲珑小乔/迷迭香/王者貂蝉/王者魅影★王者幻神/星神/白虎/朱雀/CAT猫枪★等等,9015523949546
"普通登录，请知悉。因TX有异地限制，密码错误时可尝试多登录几次。租时在线直接顶（没人租，不顶号）喜欢请收藏。------------------------------------------------------------------------------------------------

警告:本商户从事租号行业多年，平台内拥有数千账号。我们拥有专业的法务部门和追讨人员。常年与全国各地警务、法院及地方追讨人员有诸多来往。如账号出现被封情况，我们将根据登录ip、注册手机、威信或者秋秋，以及充值的支付宝或威信后台记录的真实资料追查到底。网络不是法外之地请大家文明游戏，请勿有侥幸之心。
",http://list.xubei.org/goods_details?goodsId=3615783,3850/-116/50V/王者之势/樱/7列6修/毁灭/雷神*3/天龙/极光/死神/天神*2/火麒麟*2/黑骑士/黑武士/超新星/机械迷城/金色蔷薇/幻兽沙鹰/幻兽女王刃/幻兽高爆/幻兽烟雾/幻兽闪光/屠龙*2/龙啸/擎天/麒麟刺/源雷神/黑武士暗月/火麒麟暗月/毁灭暗月/天启暗月/幻影/雷霆/堕天使/救世复仇/陈龙野,39231616198136
可排位/传奇-33V_6王者_3炫金雷神_炫金毁灭_炫金武士_王者之怒王者之幻火麒麟音效卡雷神音效卡，火麒麟华夏之心毁灭耀金,http://list.xubei.org/goods_details?goodsId=2980630,D47【置顶】可排位/传奇-33V_6王者_3炫金雷神_炫金毁灭_炫金武士_王者之怒王者之幻火麒麟音效卡雷神音效卡，火麒麟华夏之心毁灭耀金,40270210347217
"康忙北鼻看过来走过路过不要错过快来瞧一瞧看一看!
",http://list.xubei.org/goods_details?goodsId=3797217,100V以上，★传说圣灵★传说光耀★王者幻神 7烈龙斯太尔蝴蝶/6盘龙炼狱/职业灵狐生化4属/影豹/王者瞳闭月羞花/挑战6黑7金玩偶Max征服者，乱世火狱。皮肤如图。音效卡如图。王者武器11，3炫金.,20948975249097
"70V/生化天花板级别/雷霆套/6盘6烈6副/炼狱/蝴蝶/毁灭耀金皮肤-雷神星空皮肤/雷神毁灭裁决音效卡/生化显血-无需换弹-开局移速提高-迷你雷/手斧镜

■不想玩就维权原因写不想玩，10分钟之内会同意！其他有问题就放上截图好给你们一一解决，乱维权的查实不符*进黑名单！■

■道具什么的都会及时续费,不会存在过期的情况，给你们一个良好的游戏体验，游戏内请勿删除好友，好友都是有用的,希望大家能遵守一下■",http://list.xubei.org/goods_details?goodsId=3860148,70V/生化天花板级别/雷霆套/6盘6烈6副/炼狱/蝴蝶/毁灭耀金皮肤-雷神星空皮肤/雷神毁灭裁决音效卡/生化显血-无需换弹-开局移速提高-迷你雷/手斧镜,71492746852355
U 5 北部：AG幻神★幻神音效卡★9 8 K星神★幻灵套装★影豹-可透视队友★小红雷神★QBZ-王者蔷薇★坠天神套★Colt1911-CFS★觉醒王者之心★觉醒王者之势★王者冰魄★CFS★全套皮肤★生化★爆破★挑战★排位★应有尽有★欢迎来租★,http://list.xubei.org/goods_details?goodsId=3856740,U 5 北部：AG幻神★幻神音效卡★9 8 K星神★幻灵套装★影豹-可透视队友★小红雷神★QBZ-王者蔷薇★坠天神套★Colt1911-CFS★觉醒王者之心★觉醒王者之势★王者冰魄★CFS★全套皮肤★,59864434156633
T 6 北部：斗鱼神豪号★传说光耀★冠军幻神★全音效卡★荣耀世冠套★98K星神★USP雷暴★AG★SV★白鲨★CFS★冠军★荣耀★全套皮肤★6烈6狙6副★各种小人枪★生化★爆破★,http://list.xubei.org/goods_details?goodsId=3856734,T 6 北部：斗鱼神豪号★传说光耀★冠军幻神★全音效卡★荣耀世冠套★98K星神★USP雷暴★AG★SV★白鲨★CFS★冠军★荣耀★全套皮肤★6烈6狙6副★各种小人枪★生化★爆破★,52864434139306
Ｓ８南部：神豪完美排位/生化号★传说女帝★幻灵套★周瑜皮肤／幻神音效卡★黄金猫猫白鲨★M200幻神★USP雷暴★幻兽沙鹰★荣耀雷神★SV毁灭★冠军之势★六烈六盘★价格不贵★完美四防角色一堆★足够你玩的★,http://list.xubei.org/goods_details?goodsId=3858915,Ｓ８南部：神豪完美排位/生化号★传说女帝★幻灵套★周瑜皮肤／幻神音效卡★黄金猫猫白鲨★M200幻神★USP雷暴★幻兽沙鹰★荣耀雷神★SV毁灭★冠军之势★六烈六盘★价格不贵★完美四防角色一堆★足够你玩的,13868067869339
U 2 北部：传说女帝★幻神AG★幻神周瑜★幻神音效卡★传说光耀-序列号版★传说圣灵★盘古火麒麟★伏羲★幻灵坠天神COP★冠军★CFS★全新王者武器★雷神小红★影豹★应有尽有★欢迎来租★,http://list.xubei.org/goods_details?goodsId=3856769,U 2 北部：传说女帝★幻神AG★幻神周瑜★幻神音效卡★传说光耀-序列号版★传说圣灵★盘古火麒麟★伏羲★幻灵坠天神COP★冠军★CFS★全新王者武器★雷神小红★影豹★应有尽有★欢迎来租★,55864434128524
B 1 北部：传说圣灵★AG幻神★幻神音效卡★石头横秒之巅★影豹（可透视队友）★小红M4★世冠柯尔特★2幻灵COP★烈虎★小乔★荣耀世冠★CFS★全套皮肤★各种小人枪★生化★爆破★挑战★排位★应有尽有★欢迎来租★,http://list.xubei.org/goods_details?goodsId=3856749,B 1 北部：传说圣灵★AG幻神★幻神音效卡★石头横秒之巅★影豹（可透视队友）★小红M4★世冠柯尔特★2幻灵COP★烈虎★小乔★荣耀世冠★CFS★全套皮肤★各种小人枪★生化★爆破★挑战★排位★应有尽有,948644341625
"普通登录，请知悉。因TX有异地限制，密码错误时可尝试多登录几次。租时在线直接顶（没人租，不顶号）喜欢请收藏。------------------------------------------------------------------------------------------------

警告:本商户从事租号行业多年，平台内拥有数千账号。我们拥有专业的法务部门和追讨人员。常年与全国各地警务、法院及地方追讨人员有诸多来往。如账号出现被封情况，我们将根据登录ip、注册手机、威信或者扣，以及充值的支付宝或威信后台记录的真实资料追查到底。网络不是法外之地请大家文明游戏，请勿有侥幸之心。
",http://list.xubei.org/goods_details?goodsId=2957844,--------8888-柿子-065*/100V/10王者/7盘7列7修/毁灭雷神音效/裁决*6/火麒麟*6/雷神*6/黑龙*6/死神*6/黑骑士*6/天龙*6/极光*6/包全扩容/,24231616111416
ER618██ 荣耀枪王--传说女帝，传说圣灵，传说光耀，M200幻神＋幻神冠军皮肤，6盘6烈，斯泰尔蝴蝶，职业经理，雷霆王者全套等稀有皮肤，角色,http://list.xubei.org/goods_details?goodsId=3856143,ER618██ 荣耀枪王--传说女帝，传说圣灵，传说光耀，M200幻神＋幻神冠军皮肤，6盘6烈，斯泰尔蝴蝶，职业经理，雷霆王者全套等稀有皮肤，角色,26171148830842
"6盘龙6烈龙-炼狱-死亡之眼-生化显示血量-无需换弹-迷你雷-弹夹满配-不退包
6盘龙6烈龙-炼狱-死亡之眼-生化显示血量-无需换弹-迷你雷-弹夹满配-不退包
6盘龙6烈龙-炼狱-死亡之眼-生化显示血量-无需换弹-迷你雷-弹夹满配-不退包
6盘龙6烈龙-炼狱-死亡之眼-生化显示血量-无需换弹-迷你雷-弹夹满配-不退包
",http://list.xubei.org/goods_details?goodsId=3870790,I7//6盘龙6烈龙-炼狱-死亡之眼-生化显示血量-无需换弹-迷你雷-弹夹满配-不退包,59492746850210
"精品/斯太尔蝴蝶6烈龙-弹夹满配-生化显血-无需换弹-迷你雷-不退包-弹夹满配

精品/斯太尔蝴蝶6烈龙-弹夹满配-生化显血-无需换弹-迷你雷-不退包-

精品/斯太尔蝴蝶6烈龙-弹夹满配-生化显血-无需换弹-迷你雷-不退包-弹夹满配
",http://list.xubei.org/goods_details?goodsId=3860193,G4精品号/斯太尔蝴蝶6烈龙-弹夹满配-生化显血-无需换弹-迷你雷--不退包-弹夹满配,10492746852692
"PP645★氪金286V★6烈龙-斯太尔蝴蝶/6盘龙/炼狱★幻神M200-幻神音效-周瑜皮肤-幻神AG皮★雷暴套/幻兽套-蝴蝶/王者-春/魅影/闭月羞花/青春偶像★5音效卡/传奇石头-恒秒之巅/冠军之怒/荣耀之魄/毁灭CFPLS16冠军/黑骑士战神马超/战神张飞★堕天神COP/USP雷暴★AK绝迹/精英刀锋M4★等等
",http://list.xubei.org/goods_details?goodsId=3363255,PP645★氪金286V★6烈龙-斯太尔蝴蝶/6盘龙/炼狱★幻神M200-幻神音效-周瑜皮肤-幻神AG皮★雷暴套/幻兽套-蝴蝶/王者-春/魅影/闭月羞花/青春偶像★5音效卡/传奇石头-恒秒之巅,65155239417066
"MM68★南部神豪号600V★全传说武器-传说女帝暗裔光耀圣灵/全荣耀冠军★幻神黄忠周瑜/冠军之幻/AG冠军-幻神全皮肤★王者幻神/星神98K/雷霆套/魅影套/雷暴套/坠天神套★冠军之怒/冠军之魄/冠军之武/冠军之心/冠军之击/冠军之魂/冠军之啸/冠军之势★荣耀之怒/荣耀之锋/荣耀之魄★2017/2018/2019/2120/2121系列皮肤齐全★耀金星空赛事，活动皮肤全有★音效卡/角色/王者炫金100以上/玩偶图标，要什么有什么，比商城还齐全★
新增：雨棠   黑骑士AG冠军典藏  火麒麟-白虎皮肤  觉醒王者之心
此账号氪金100W以上 豪无底线，文明游戏，等您体验",http://list.xubei.org/goods_details?goodsId=3807687,MM68★南部神豪号600V★全传说武器-传说女帝暗裔光耀圣灵/全荣耀冠军★火麒麟白虎/雨棠/幻神黄忠周瑜/冠军之幻/AG冠军-幻神全皮肤★王者幻神/星神98K/雷霆套/魅影套/雷暴套/坠天神套★冠军之怒/冠军之魄,37609146076175
"PP886★可排位/184V★6烈龙/6盘龙/炼狱/幻神M200★AK牛牛/堕天神套-迷迭香/幻兽套-蝴蝶/王者玲珑小乔/王者貂蝉/魅影/闭月羞花★4音效卡/绝迹AK/毁灭音效卡-毁灭CFS2018/雷神音效卡-传奇N9皮肤/冠军之心★王者之魄之光之击觉醒★4把堕天神COP★等等
",http://list.xubei.org/goods_details?goodsId=3459485,PP886★可排位/184V★6烈龙/6盘龙/炼狱/幻神M200★AK牛牛/堕天神套-迷迭香/幻兽套-蝴蝶/王者玲珑小乔/王者貂蝉/魅影/闭月羞花★4音效卡/绝迹AK/毁灭音效卡-毁灭CFS2018/雷神音效卡-传奇N9皮肤/冠军之心★王者之魄之光之击觉醒★4把堕天神COP★等等,09155239449038
Ｓ２北部：完美爆破排位号★2把USP雷暴★M200幻神★冠军之幻/幻神音效卡★黄忠幻神★牛牛AK★荣耀世冠全套★世冠柯尔特★荣耀雷神★职业经理完美四防★毁灭音效卡★雷神音效卡★价格不贵★足够你玩的★,http://list.xubei.org/goods_details?goodsId=3861604,Ｓ２北部：完美爆破排位号★2把USP雷暴★M200幻神★冠军之幻/幻神音效卡★黄忠幻神★牛牛AK★荣耀世冠全套★世冠柯尔特★荣耀雷神★职业经理完美四防★毁灭音效卡★雷神音效卡★价格不贵★足够你玩的★,77868067873931
"精品生化号-6盘6烈-炼狱-死亡之眼-捕食者之眼无需换弹-迷你雷-手斧镜-生化全装-更多装备看截图！

■不想玩就维权原因写不想玩，10分钟之内会同意！其他有问题就放上截图好给你们一一解决，乱维权的查实不符*进黑名单！■

■道具什么的都会及时续费,不会存在过期的情况，给你们一个良好的游戏体验，游戏内请勿删除好友，好友都是有用的,希望大家能遵守一下■
",http://list.xubei.org/goods_details?goodsId=3860170,2Q高优质生化号-6盘6烈-炼狱-死亡之眼-生化显血-无需换弹-迷你雷-手斧镜-满配弹夹,80492746856875
Ａ４北部：排位完美号★看主页图★周瑜幻神★M200幻神★AG毁灭★白鲨雷神★冠军之心★觉醒王者QBZ金色蔷薇★AG火麒麟★烈虎雷神★王者玫瑰精灵★王者之锋★王者之击★王者之啸★价格不贵★足够你玩的★,http://list.xubei.org/goods_details?goodsId=3856688,Ａ４北部：爆破排位/完美号★看主页图★周瑜幻神★M200幻神★AG毁灭★白鲨雷神★冠军之心★觉醒王者QBZ金色蔷薇★AG火麒麟★烈虎雷神★王者玫瑰精灵★王者之锋★王者之击★王者之啸★价格不贵★足够你玩,64868067832997
"SD72★可排位/氪金号300V★6烈龙-斯太尔蝴蝶/6盘龙/6炼狱★7音效卡/幻神M200-幻神音效/王者幻神★夜魔套/电竞装甲套/雷暴套/堕天神-迷迭香/雷暴套★王者貂蝉/职业经理/王者魅影/王者玲珑小乔/凌霄★雷神荣耀之魄/荣耀之锋/冠军之心/毁灭CFS2018/雷神N9/毁灭AGCFPLS15冠军/雷神白鲨S14冠军/雷神虎将★王者冰魄/星神98K/白鲨COP/绝迹AK★等等
",http://list.xubei.org/goods_details?goodsId=2890043,SD72★可排位/氪金号300V★6烈龙-斯太尔蝴蝶/6盘龙/6炼狱★7音效卡/幻神M200-幻神音效/王者幻神★夜魔套/电竞装甲套/雷暴套/堕天神-迷迭香/雷暴套★王者貂蝉/职业经理/王者魅影/王者,37155239488956
"FF180★可排位/208V★幻神M200-幻神AGCFPLS17冠军-幻神音效/6烈龙-斯太尔蝴蝶/6盘龙/传说女帝/传说圣灵/雨棠角色/火麒麟白虎皮肤★王者幻神/幻灵套/堕天神套-迷迭香/王者魅影/职业经理/王者春/王者玲珑★4音效卡/横秒之巅-火麒麟音效卡/黑骑士伏羲-黑骑士音效/雷神烈虎-雷神音效★白虎/王者火魄/王者炎心/王者蔷薇/王者之烈/猫猫手套★等等
",http://list.xubei.org/goods_details?goodsId=2903242,FF180★可排位/208V★幻神M200-幻神AGCFPLS17冠军-幻神音效/6烈龙-斯太尔蝴蝶/6盘龙/传说女帝/传说圣灵/雨棠角色/火麒麟白虎皮肤★王者幻神/幻灵套/堕天神套-迷迭香/王者魅影,29155239422386
"6G精品/6盘6烈龙--炼狱--斯太尔蝴蝶--弹夹满配-生化显血-无需换弹-迷你雷-手斧镜-不退包-弹夹满配
6G精品/6盘6烈龙--炼狱--斯太尔蝴蝶--弹夹满配-生化显血-无需换弹-迷你雷-手斧镜-不退包-弹夹满配
6G精品/6盘6烈龙--炼狱--斯太尔蝴蝶--弹夹满配-生化显血-无需换弹-迷你雷-手斧镜-不退包-弹夹满配
■不想玩就维权原因写不想玩，10分钟之内会同意！其他有问题就放上截图好给你们一一解决，乱维权的查实不符*进黑名单！■

■道具什么的都会及时续费,不会存在过期的情况，给你们一个良好的游戏体验，游戏内请勿删除好友，好友都是有用的,希望大家能遵守一下■
",http://list.xubei.org/goods_details?goodsId=3860206,U6-抖音主播生化号/蝴蝶6烈龙-炼狱6盘龙-弹夹满配-生化显血-8秒无需换弹-迷你雷-手斧镜-不退包-,07492746846904
B 2 北部：M200幻神★9 8 K 星神★USP雷暴★春★蝴蝶斯泰尔★6盘6烈6狙6副★樱-青春偶像★刀锋★白虎★关羽★CFS★王者火魄★炫金★全套皮肤★各种小人枪★生化★爆破★挑战★排位★应有尽有★欢迎来租★,http://list.xubei.org/goods_details?goodsId=3849543,B 2 北部：M200幻神★9 8 K 星神★USP雷暴★春★蝴蝶斯泰尔★6盘6烈6狙6副★樱-青春偶像★刀锋★白虎★关羽★CFS★王者火魄★炫金★全套皮肤★各种小人枪★生化★爆破★挑战★排位★应有尽,40864434158239
Ｖ２北部：完美号排位/生化★M200幻神音效卡★USP雷暴★冠军之幻★AG幻神★黄忠幻神★98K星神★石头横秒★荣耀世冠套★传说光耀★SV毁灭★蝴蝶斯太尔★裁决音效卡★六烈六盘★价格不贵★足够你玩的,http://list.xubei.org/goods_details?goodsId=3856710,Ｖ２北部：完美号排位/生化★M200幻神音效卡★USP雷暴★冠军之幻★AG幻神★黄忠幻神★98K星神★石头横秒★荣耀世冠套★传说光耀★SV毁灭★蝴蝶斯太尔★裁决音效卡★六烈六盘★价格不贵★足够你玩的,46868067816659
"FF153★可排位/200V★6盘龙/幻神-黄忠皮肤/幻灵套-影豹/王者貂蝉/职业经理/6音效卡/26玩偶/堕天神套-迷迭香/白虎/王者蔷薇/cat猫/王者之心之翼之武之魄之怒之锋之击觉醒★雷神烈虎皮肤/AG火麒麟/修罗2018/毁灭s16皮/星空耀金系列★等等
",http://list.xubei.org/goods_details?goodsId=2913304,FF153★可排位/200V★6盘龙/幻神-黄忠皮肤/幻灵套-影豹/王者貂蝉/职业经理/6音效卡/26玩偶/堕天神套-迷迭香/白虎/王者蔷薇/cat猫/王者之心之翼之武之魄之怒之锋之击觉醒★雷神烈虎皮,13155239444877
"多玩偶皮肤★ 83V★ 6盘6烈/炼狱★雷霆套★堕天神★音效卡★炫金雷神、黑龙、天龙★王者之心、之怒、之魂★生化爆破双全装

",http://list.xubei.org/goods_details?goodsId=3395014,多玩偶皮肤★ 83V★ 6盘6烈/炼狱★雷霆套★堕天神★音效卡★炫金雷神、黑龙、天龙★王者之心、之怒、之魂★生化爆破双全装,20558790329510
Ａ６北部：完美排位爆破/生化号★绝迹语音包★M200幻神★冠军之幻★USP雷暴★荣耀世冠全套★MVP宠儿★冠军之心★荣耀之怒★冠军之怒★王者炎心★蝴蝶斯太尔★六烈六盘★价格不贵★超级实惠★足够你玩的★,http://list.xubei.org/goods_details?goodsId=3856707,Ａ６北部：完美排位爆破/生化号★绝迹语音包★M200幻神★冠军之幻★USP雷暴★荣耀世冠全套★MVP宠儿★冠军之心★荣耀之怒★冠军之怒★王者炎心★蝴蝶斯太尔★六烈六盘★价格不贵★超级实惠★足够你玩的★,92868067879616
所有装备都在描述图上，各位亲爱的顾客请看好了再下单！恶意维权拉黑-所有账号价值都已上万，均已申请虚拟财产保护 封号报警追究责任！！切记一定不要开鼠标宏、任何第三方插件或者自动操作脚本 平台非常严格 扫描硬盘有问题直接封号！账号段位很高 如果技术非常好请您收着点打 小本买卖希望理解。,http://list.xubei.org/goods_details?goodsId=3856643,小钰虚贝专享290v*号-传说暗裔/冠军之幻/世冠全套/战神赵云/战神马超6烈6盘死亡之眼/荣耀系列全皮/,67735782783185
Ｖ１北部：价值二百万的玩偶★神豪牌面号★传说女帝★冠军之幻★周瑜幻神★M200幻神音效卡★AG黑骑士★LGD雷神★荣耀柯尔特★幻灵套★猫猫白鲨套★COP王者雷霆★朱雀玩偶★白虎玩偶★王者白虎★王者QBZ★冠军之啸★价格不贵★*牌面★,http://list.xubei.org/goods_details?goodsId=3856701,Ｖ１北部：神豪牌面号★传说女帝★冠军之幻★周瑜幻神★M200幻神音效卡★AG黑骑士★LGD雷神★荣耀柯尔特★幻灵套★猫猫白鲨套★COP王者雷霆★朱雀玩偶★白虎玩偶★王者白虎★王者QBZ★冠军之啸,10868067831907
BX88★商城毕业氪金号★300V40王者★6盘龙6烈/传说光耀/幻神M200-冠军之幻/王者幻神/荣耀世冠套装★魅影套/夜魔套★幻神/火麒麟/毁灭/冠军皮肤★斯沃特表情包★全音效卡系列★全皮肤系列/全王者/全炫金/全玩偶/全光效/全角色/基本该有的都有★王者之魄之武之心之势悦心之锋之啸之击-王者之石升级版★火麒麟绝迹/王者冰魄/火麒麟灵狐/网剧套★Cat刀锋猫等等★,http://list.xubei.org/goods_details?goodsId=2845393,BX88★商城毕业氪金号★300V40王者★6盘龙6烈龙/传说光耀/幻神M200-冠军之幻/王者幻神/荣耀世冠套装★魅影套/夜魔套★幻神/火麒麟/毁灭/冠军皮肤★斯沃特表情包★全音效卡系列★全皮肤系列,44155239430467
Ｓ１北部：排位生化全装号★AG幻神★周瑜幻神★M200幻神音效卡★LGD雷神★王者COP★传说圣灵★蝴蝶斯太尔★雷神虎将★王者·春★职业经理★都是排位四防属性★六烈六盘★六手★足够你玩的/价格不贵/,http://list.xubei.org/goods_details?goodsId=3856696,Ｓ１北部：排位生化全装号★AG幻神★周瑜幻神★M200幻神音效卡★LGD雷神★王者COP★传说圣灵★蝴蝶斯太尔★雷神虎将★王者·春★职业经理★都是排位四防属性★六烈六盘★六手★足够你玩的/价格不贵/,87868067848438
U 4 南部：快手主播号★黄忠幻神★M200幻神★斯泰尔蝴蝶★王者玲珑-小乔★6烈6盘★虎将★王者火魄★王者炎心★白虎★王者魅影★全套皮肤★生化★爆破★挑战★排位★应有尽有★欢迎来租★,http://list.xubei.org/goods_details?goodsId=3831886,U 4 南部：快手主播号★黄忠幻神★M200幻神★斯泰尔蝴蝶★王者玲珑-小乔★6烈6盘★虎将★王者火魄★王者炎心★白虎★王者魅影★全套皮肤★生化★爆破★挑战★排位★应有尽有★欢迎来租★,07864434183267
"PP766★186V★6烈龙-斯太尔蝴蝶/6盘龙★幻神M200/雷霆套-炫/6黑骑士/4音效卡/雷神斗鱼皮肤/荣耀之魄-雷神音效卡/荣耀之怒-毁灭音效/会没CFS2018/CAT猫枪/COP旗袍★雷霆COP/王者之魄之怒之击觉醒/灵狐AK/精英刀锋M4/王者之势之幻之力/炫金毁灭/炫金黑龙/炫金骑士★等等等
",http://list.xubei.org/goods_details?goodsId=2887498,PP766★186V★6烈龙-斯太尔蝴蝶/6盘龙★幻神M200/雷霆套-炫/6黑骑士/4音效卡/雷神斗鱼皮肤/荣耀之魄-雷神音效卡/荣耀之怒-毁灭音效/会没CFS2018/CAT猫枪/COP旗袍★雷霆,41155239415024
AA316██ 100V 荣耀枪王 传说光耀 斯泰尔蝴蝶 M200幻神 26王者炫金 白虎 青龙 王者之烈 王者之圣 暗月传说 网剧套  夜魔套 火麒麟绝迹 死亡之眼  M200幻神音效卡 毁灭音效卡 雷神音效卡 黑骑士音效卡 火麒麟盘古 火麒麟雷神 雷神烈虎 火麒麟平天大圣 毁灭黑大圣  雷霆王者套  ,http://list.xubei.org/goods_details?goodsId=3844928,AA316██ 100V 荣耀枪王 传说光耀 斯泰尔蝴蝶 M200幻神 26王者炫金 白虎 青龙 王者之烈 王者之圣 暗月传说 网剧套  夜魔套 火麒麟绝迹 死亡之眼  M200幻神音效卡 毁灭音效卡,90604825053058
"MM644★200V-6烈龙斯太尔蝴蝶★雷霆王者套★王者幻神激活版★M4雷霆王者/COP雷霆王者巴雷特雷霆王者激活版★火麒麟灵狐/天龙曼陀罗★AK47雷暴★柯尔特电竞装甲/USP雷暴★耀金雷神/耀金毁灭/黑骑士耀金★雷神星空等★
",http://list.xubei.org/goods_details?goodsId=3766551,MM644★200V-6烈龙斯太尔蝴蝶★雷霆王者套★王者幻神激活版★M4雷霆王者/COP雷霆王者巴雷特雷霆王者激活版★火麒麟灵狐/天龙曼陀罗★AK47雷暴★柯尔特电竞装甲/USP雷暴★耀金雷神/耀金毁,3660914608190
S513███200V荣耀枪王 30王者炫金-M200幻神，斯泰尔蝴蝶，98K星神，朱雀，白虎，6盘6烈，6修，6屠，4音效卡，职业选手等多稀有角色，皮肤，光效等,http://list.xubei.org/goods_details?goodsId=3830477,S513███200V荣耀枪王 30王者炫金-M200幻神，斯泰尔蝴蝶，98K星神，朱雀，白虎，6盘6烈，6修，6屠，4音效卡，职业选手等多稀有角色，皮肤，光效等,14171148870246
SD76★80V6烈龙/6盘龙-炼狱悦蓝★耀金皮肤-毁灭音效卡★雷神音效卡/耀金黑骑士★空角色/裁决/QBZ03金色蔷薇★王者之翼/雷神小白龙/雷神烈虎/黑骑士白马银枪★超新星圣诞/毁灭葫芦兄弟等,http://list.xubei.org/goods_details?goodsId=2985598,SD76★80V6烈龙/6盘龙-炼狱悦蓝★耀金皮肤-毁灭音效卡★雷神音效卡/耀金黑骑士★空角色/裁决/QBZ03金色蔷薇★王者之翼/雷神小白龙/雷神烈虎/黑骑士白马银枪★超新星圣诞/毁灭葫芦兄弟等,12155239425331
150v5王者丨四川一区丨幻灵7套丨黑骑士幻神AG皮肤丨白鲨炫彩背包丨王者金色蔷薇王者之魄丨雷神白鲨杨戬冠军皮肤丨斯太尔蝴蝶丨王者幻神HK417朱雀幻神夜魔7套丨幻神黑龙毁灭极光黑骑士音效卡丨王者葵貂蝉小乔灵狐者职业经理王者瞳闭月羞花丨6盘6烈丨21步11狙丨8副8刀丨金色小号m37葵,http://list.xubei.org/goods_details?goodsId=3484372,150v5王者丨王者幻神丨6盘6烈斯太尔蝴蝶丨幻灵7套丨黑骑士幻神AG皮肤幻神卡丨雷神音效卡白鲨杨戬皮肤BS炫彩背包丨雷神黑龙毁灭极光黑骑士音效卡丨王者葵貂蝉小乔灵狐者职业经理凌霄,82593231030966
PP653★可排位/152V★6烈龙-斯太尔蝴蝶/6盘龙/幻神M200/星神98K/白虎★迷迭香/4防职业经理/魅影/闭月羞花/青春偶像/新海豹突击队★3音效卡/耀金系列/王者炎心/HK朱雀/网剧套/USP雷暴/精英刀锋M4/王者之心觉醒★等等,http://list.xubei.org/goods_details?goodsId=3473378,PP653★可排位/152V★6烈龙-斯太尔蝴蝶/6盘龙/幻神M200/星神98K/白虎★迷迭香/4防职业经理/魅影/闭月羞花/青春偶像/新海豹突击队★3音效卡/耀金系列/王者炎心/HK朱雀/网剧套/,19155239465599
description,detail_url,name,num
生化挑战爆破都有装备各种王者武器,http://list.xubei.org/goods_details?goodsId=3860868,爆破装幻神蝴蝶斯太尔六烈生化必备各种王者武器,穿越伙线-电信-湖南二区
A76穿越火线☆30V☆2王者☆m200幻神☆王者之心☆雷神☆黑骑士☆白虎☆毁灭☆激光☆,http://list.xubei.org/goods_details?goodsId=3252138,A76穿越火线☆30V☆2王者☆m200幻神☆王者之心☆雷神☆黑骑士☆白虎☆毁灭☆激光☆,穿越伙线-电信-南方大区
BX88★商城毕业氪金号★300V40王者★6盘龙6烈/传说光耀/幻神M200-冠军之幻/王者幻神/荣耀世冠套装★魅影套/夜魔套★幻神/火麒麟/毁灭/冠军皮肤★斯沃特表情包★全音效卡系列★全皮肤系列/全王者/全炫金/全玩偶/全光效/全角色/基本该有的都有★王者之魄之武之心之势悦心之锋之啸之击-王者之石升级版★火麒麟绝迹/王者冰魄/火麒麟灵狐/网剧套★Cat刀锋猫等等★,http://list.xubei.org/goods_details?goodsId=2845393,BX88★商城毕业氪金号★300V40王者★6盘龙6烈龙/传说光耀/幻神M200-冠军之幻/王者幻神/荣耀世冠套装★魅影套/夜魔套★幻神/火麒麟/毁灭/冠军皮肤★斯沃特表情包★全音效卡系列★全皮肤系列,穿越伙线-网通-河南一区
"普通登录，请知悉。因TX有异地限制，密码错误时可尝试多登录几次。租时在线直接顶（没人租，不顶号）喜欢请收藏。------------------------------------------------------------------------------------------------

警告:本商户从事租号行业多年，平台内拥有数千账号。我们拥有专业的法务部门和追讨人员。常年与全国各地警务、法院及地方追讨人员有诸多来往。如账号出现被封情况，我们将根据登录ip、注册手机、威信或者秋秋，以及充值的支付宝或威信后台记录的真实资料追查到底。网络不是法外之地请大家文明游戏，请勿有侥幸之心。
",http://list.xubei.org/goods_details?goodsId=3615783,3850/-116/50V/王者之势/樱/7列6修/毁灭/雷神*3/天龙/极光/死神/天神*2/火麒麟*2/黑骑士/黑武士/超新星/机械迷城/金色蔷薇/幻兽沙鹰/幻兽女王刃/幻兽高爆/幻兽烟雾/幻兽闪光/屠龙*2/龙啸/擎天/麒麟刺/源雷神/黑武士暗月/火麒麟暗月/毁灭暗月/天启暗月/幻影/雷霆/堕天使/救世复仇/陈龙野,穿越伙线-电信-江西一区
可排位/传奇-33V_6王者_3炫金雷神_炫金毁灭_炫金武士_王者之怒王者之幻火麒麟音效卡雷神音效卡，火麒麟华夏之心毁灭耀金,http://list.xubei.org/goods_details?goodsId=2980630,D47【置顶】可排位/传奇-33V_6王者_3炫金雷神_炫金毁灭_炫金武士_王者之怒王者之幻火麒麟音效卡雷神音效卡，火麒麟华夏之心毁灭耀金,穿越伙线-网通-山西一区
U 5 北部：AG幻神★幻神音效卡★9 8 K星神★幻灵套装★影豹-可透视队友★小红雷神★QBZ-王者蔷薇★坠天神套★Colt1911-CFS★觉醒王者之心★觉醒王者之势★王者冰魄★CFS★全套皮肤★生化★爆破★挑战★排位★应有尽有★欢迎来租★,http://list.xubei.org/goods_details?goodsId=3856740,U 5 北部：AG幻神★幻神音效卡★9 8 K星神★幻灵套装★影豹-可透视队友★小红雷神★QBZ-王者蔷薇★坠天神套★Colt1911-CFS★觉醒王者之心★觉醒王者之势★王者冰魄★CFS★全套皮肤★,穿越伙线-网通-河南一区
T 6 北部：斗鱼神豪号★传说光耀★冠军幻神★全音效卡★荣耀世冠套★98K星神★USP雷暴★AG★SV★白鲨★CFS★冠军★荣耀★全套皮肤★6烈6狙6副★各种小人枪★生化★爆破★,http://list.xubei.org/goods_details?goodsId=3856734,T 6 北部：斗鱼神豪号★传说光耀★冠军幻神★全音效卡★荣耀世冠套★98K星神★USP雷暴★AG★SV★白鲨★CFS★冠军★荣耀★全套皮肤★6烈6狙6副★各种小人枪★生化★爆破★,穿越伙线-网通-河北一区
Ｓ８南部：神豪完美排位/生化号★传说女帝★幻灵套★周瑜皮肤／幻神音效卡★黄金猫猫白鲨★M200幻神★USP雷暴★幻兽沙鹰★荣耀雷神★SV毁灭★冠军之势★六烈六盘★价格不贵★完美四防角色一堆★足够你玩的★,http://list.xubei.org/goods_details?goodsId=3858915,Ｓ８南部：神豪完美排位/生化号★传说女帝★幻灵套★周瑜皮肤／幻神音效卡★黄金猫猫白鲨★M200幻神★USP雷暴★幻兽沙鹰★荣耀雷神★SV毁灭★冠军之势★六烈六盘★价格不贵★完美四防角色一堆★足够你玩的,穿越伙线-电信-湖南一区
U 2 北部：传说女帝★幻神AG★幻神周瑜★幻神音效卡★传说光耀-序列号版★传说圣灵★盘古火麒麟★伏羲★幻灵坠天神COP★冠军★CFS★全新王者武器★雷神小红★影豹★应有尽有★欢迎来租★,http://list.xubei.org/goods_details?goodsId=3856769,U 2 北部：传说女帝★幻神AG★幻神周瑜★幻神音效卡★传说光耀-序列号版★传说圣灵★盘古火麒麟★伏羲★幻灵坠天神COP★冠军★CFS★全新王者武器★雷神小红★影豹★应有尽有★欢迎来租★,穿越伙线-网通-河南一区
B 1 北部：传说圣灵★AG幻神★幻神音效卡★石头横秒之巅★影豹（可透视队友）★小红M4★世冠柯尔特★2幻灵COP★烈虎★小乔★荣耀世冠★CFS★全套皮肤★各种小人枪★生化★爆破★挑战★排位★应有尽有★欢迎来租★,http://list.xubei.org/goods_details?goodsId=3856749,B 1 北部：传说圣灵★AG幻神★幻神音效卡★石头横秒之巅★影豹（可透视队友）★小红M4★世冠柯尔特★2幻灵COP★烈虎★小乔★荣耀世冠★CFS★全套皮肤★各种小人枪★生化★爆破★挑战★排位★应有尽有,穿越伙线-网通-黑龙江区
description,detail_url,name,num
"
注意文明租号，开挂的，我们会进行法律维权，信息化时代查IP查人很好办的，注意文明租号，谢谢
qe-90V-王者之翼之力之武之怒-火麒麟音效-黑骑士音效等-火麒麟-雷神-天启-武圣-生化爆破都可",http://list.xubei.org/goods_details?goodsId=3361747,qe-90V-王者之翼之力之武之怒-火麒麟音效-黑骑士音效等-火麒麟-雷神-天启-武圣-生化爆破都可,57337656052844
A76穿越火线☆30V☆2王者☆m200幻神☆王者之心☆雷神☆黑骑士☆白虎☆毁灭☆激光☆,http://list.xubei.org/goods_details?goodsId=3252138,A76穿越火线☆30V☆2王者☆m200幻神☆王者之心☆雷神☆黑骑士☆白虎☆毁灭☆激光☆,1622484261743
"SD74★可排位/氪金神豪号/254V★传说女帝/传说光耀/传说暗裔★贵族金牛牛/幻神-AG皮肤-幻神音效卡/6烈龙-斯太尔蝴蝶/6盘龙/6音效卡★夜魔套/堕天神-迷迭香/雷暴套/雷霆套★王者玲珑小乔/魅影★4把幻神/王者幻神/星神/cat刀锋猫 刀锋M4/COP旗袍/M37葵★火麒麟横秒之巅.冠军之怒/冠军之势/毁灭CFS2018/火麒麟CFS2018★等等等等
新增  黑骑士S4冠军典藏  雷神R.LGDS18冠军  黄金猫猫手套-白鲨",http://list.xubei.org/goods_details?goodsId=3845184,SD74★可排位/氪金神豪号/254V★传说女帝/传说光耀/传说暗裔★贵族金牛牛/幻神-AG皮肤-幻神音效卡/6烈龙-斯太尔蝴蝶/6盘龙/6音效卡★夜魔套/堕天神-迷迭香/雷暴套/雷霆套★王者玲珑小乔,66155239454414
"普通登录，请知悉。因TX有异地限制，密码错误时可尝试多登录几次。租时在线直接顶（没人租，不顶号）喜欢请收藏。------------------------------------------------------------------------------------------------

警告:本商户从事租号行业多年，平台内拥有数千账号。我们拥有专业的法务部门和追讨人员。常年与全国各地警务、法院及地方追讨人员有诸多来往。如账号出现被封情况，我们将根据登录ip、注册手机、威信或者秋秋，以及充值的支付宝或威信后台记录的真实资料追查到底。网络不是法外之地请大家文明游戏，请勿有侥幸之心。
",http://list.xubei.org/goods_details?goodsId=3615783,3850/-116/50V/王者之势/樱/7列6修/毁灭/雷神*3/天龙/极光/死神/天神*2/火麒麟*2/黑骑士/黑武士/超新星/机械迷城/金色蔷薇/幻兽沙鹰/幻兽女王刃/幻兽高爆/幻兽烟雾/幻兽闪光/屠龙*2/龙啸/擎天/麒麟刺/源雷神/黑武士暗月/火麒麟暗月/毁灭暗月/天启暗月/幻影/雷霆/堕天使/救世复仇/陈龙野,39231616198136
description,detail_url,name,num
"<div style=""padding:20px;padding-bottom:40px""><div class=""ant-row"" style=""margin-bottom:30px""><div style=""font-size:14px;color:#666666;margin-bottom:20px"" class=""ant-col-24""><span style=""margin-right:5px;font-weight:bold"">英雄级道具数量</span><span style=""margin-right:5px"">:</span><span>90</span></div><div style=""font-size:14px;color:#666666;margin-bottom:20px"" class=""ant-col-24""><span style=""margin-right:5px;font-weight:bold"">王者级道具数</span><span style=""margin-right:5px"">:</span><span>6</span></div><div style=""font-size:14px;color:#666666;margin-bottom:20px"" class=""ant-col-24""><span style=""margin-right:5px;font-weight:bold"">人物角色</span><span style=""margin-right:5px"">:</span><span>见截图</span></div><div style=""font-size:14px;color:#666666;margin-bottom:20px"" class=""ant-col-24""><span style=""margin-right:5px;font-weight:bold"">主武器</span><span style=""margin-right:5px"">:</span><span>见截图</span></div><div style=""font-size:14px;color:#666666;margin-bottom:20px"" class=""ant-col-24""><span style=""margin-right:5px;font-weight:bold"">CF皮肤</span><span style=""margin-right:5px"">:</span><span>见截图</span></div><div style=""font-size:14px;color:#666666;margin-bottom:20px"" class=""ant-col-24""><span style=""margin-right:5px;font-weight:bold"">副武器</span><span style=""margin-right:5px"">:</span><span>见截图</span></div><div style=""font-size:14px;color:#666666;margin-bottom:20px"" class=""ant-col-24""><span style=""margin-right:5px;font-weight:bold"">枪王排位等级</span><span style=""margin-right:5px"">:</span><span></span></div><div style=""font-size:14px;color:#666666;margin-bottom:20px"" class=""ant-col-24""><span style=""margin-right:5px;font-weight:bold"">近身</span><span style=""margin-right:5px"">:</span><span>见截图</span></div><div style=""font-size:14px;color:#666666;margin-bottom:20px"" class=""ant-col-24""><span style=""margin-right:5px;font-weight:bold"">投掷</span><span style=""margin-right:5px"">:</span><span>见截图</span></div><div style=""font-size:14px;color:#666666;margin-bottom:20px"" class=""ant-col-24""><span style=""margin-right:5px;font-weight:bold"">道具</span><span style=""margin-right:5px"">:</span><span>见截图</span></div><div style=""font-size:14px;color:#666666;margin-bottom:20px"" class=""ant-col-24""><span style=""margin-right:5px;font-weight:bold"">其他</span><span style=""margin-right:5px"">:</span><span>见截图</span></div><div style=""font-size:14px;color:#666666;margin-bottom:20px"" class=""ant-col-24""><span style=""margin-right:5px;font-weight:bold"">套装</span><span style=""margin-right:5px"">:</span><span>双全装</span></div><div style=""font-size:14px;color:#666666;margin-bottom:20px"" class=""ant-col-24""><span style=""margin-right:5px;font-weight:bold"">排位赛</span><span style=""margin-right:5px"">:</span><span>可排位</span></div><div style=""font-size:14px;color:#666666;margin-bottom:20px"" class=""ant-col-24""><span style=""margin-right:5px;font-weight:bold"">到时不下线</span><span style=""margin-right:5px"">:</span><span>参与</span></div><div style=""font-size:14px;color:#666666;margin-bottom:20px"" class=""ant-col-24""><span style=""margin-right:5px;font-weight:bold"">上号方式</span><span style=""margin-right:5px"">:</span><span>上号器上号</span></div></div><div class=""ant-row""><div class=""titles_styles""><div class=""titles_styles_mark""></div><div class=""titles_styles_word"">账号描述</div></div><div class=""accout_remark_word""><span>
注意文明租号，开挂的，我们会进行法律维权，信息化时代查IP查人很好办的，注意文明租号，谢谢
qe-90V-王者之翼之力之武之怒-火麒麟音效-黑骑士音效等-火麒麟-雷神-天启-武圣-生化爆破都可</span></div></div><div class=""ant-row game_picture_card""><div class=""titles_styles""><div class=""titles_styles_mark""></div><div class=""titles_styles_word"">游戏截图</div></div><i class=""anticon anticon-left-circle left_circle_icon""></i><i class=""anticon anticon-right-circle right_circle_icon""></i><div style=""margin-top:20px""><div class=""ant-carousel""><div class=""slick-initialized slick-slider""><div class=""slick-list""><div class=""slick-track""><img src=""http://files.xubei.com/demon/bfbdb6a56b4b4fd5a800ce07ca9adb01.png"" style=""height:760px;background:#eee;object-fit:contain"" data-index=""-1"" class=""slick-slide slick-cloned""><img src=""http://files.xubei.com/demon/52f01de7dd1a46089614c3dfcba10add.png"" style=""outline:none;height:760px;background:#eee;object-fit:contain"" data-index=""0"" class=""slick-slide slick-active slick-cloned"" tabindex=""-1""><img src=""http://files.xubei.com/demon/ab5921823c7b4f1eab4609f4ea520285.png"" style=""outline:none;height:760px;background:#eee;object-fit:contain"" data-index=""1"" class=""slick-slide slick-cloned"" tabindex=""-1""><img src=""http://files.xubei.com/demon/87e0d33114fd498f9f2ccf320a20a69c.png"" style=""outline:none;height:760px;background:#eee;object-fit:contain"" data-index=""2"" class=""slick-slide slick-cloned"" tabindex=""-1""><img src=""http://files.xubei.com/demon/204473d044344466bd3a5b9ffb4c0927.png"" style=""outline:none;height:760px;background:#eee;object-fit:contain"" data-index=""3"" class=""slick-slide slick-cloned"" tabindex=""-1""><img src=""http://files.xubei.com/demon/6daa8529cebd42939f7d06215fa8654b.png"" style=""outline:none;height:760px;background:#eee;object-fit:contain"" data-index=""4"" class=""slick-slide slick-cloned"" tabindex=""-1""><img src=""http://files.xubei.com/demon/bfbdb6a56b4b4fd5a800ce07ca9adb01.png"" style=""outline:none;height:760px;background:#eee;object-fit:contain"" data-index=""5"" class=""slick-slide slick-cloned"" tabindex=""-1""><img src=""http://files.xubei.com/demon/52f01de7dd1a46089614c3dfcba10add.png"" style=""height:760px;background:#eee;object-fit:contain"" data-index=""6"" class=""slick-slide slick-cloned""></div></div></div></div></div></div></div>",http://list.xubei.org/goods_details?goodsId=3361747,qe-90V-王者之翼之力之武之怒-火麒麟音效-黑骑士音效等-火麒麟-雷神-天启-武圣-生化爆破都可,57337656052844
"<div style=""padding:20px;padding-bottom:40px""><div class=""ant-row"" style=""margin-bottom:30px""><div style=""font-size:14px;color:#666666;margin-bottom:20px"" class=""ant-col-24""><span style=""margin-right:5px;font-weight:bold"">英雄级道具数量</span><span style=""margin-right:5px"">:</span><span>30</span></div><div style=""font-size:14px;color:#666666;margin-bottom:20px"" class=""ant-col-24""><span style=""margin-right:5px;font-weight:bold"">王者级道具数</span><span style=""margin-right:5px"">:</span><span>2</span></div><div style=""font-size:14px;color:#666666;margin-bottom:20px"" class=""ant-col-24""><span style=""margin-right:5px;font-weight:bold"">人物角色</span><span style=""margin-right:5px"">:</span><span>看图</span></div><div style=""font-size:14px;color:#666666;margin-bottom:20px"" class=""ant-col-24""><span style=""margin-right:5px;font-weight:bold"">主武器</span><span style=""margin-right:5px"">:</span><span>看图</span></div><div style=""font-size:14px;color:#666666;margin-bottom:20px"" class=""ant-col-24""><span style=""margin-right:5px;font-weight:bold"">CF皮肤</span><span style=""margin-right:5px"">:</span><span>看图</span></div><div style=""font-size:14px;color:#666666;margin-bottom:20px"" class=""ant-col-24""><span style=""margin-right:5px;font-weight:bold"">副武器</span><span style=""margin-right:5px"">:</span><span>看图</span></div><div style=""font-size:14px;color:#666666;margin-bottom:20px"" class=""ant-col-24""><span style=""margin-right:5px;font-weight:bold"">枪王排位等级</span><span style=""margin-right:5px"">:</span><span>枪王</span></div><div style=""font-size:14px;color:#666666;margin-bottom:20px"" class=""ant-col-24""><span style=""margin-right:5px;font-weight:bold"">近身</span><span style=""margin-right:5px"">:</span><span>看图</span></div><div style=""font-size:14px;color:#666666;margin-bottom:20px"" class=""ant-col-24""><span style=""margin-right:5px;font-weight:bold"">投掷</span><span style=""margin-right:5px"">:</span><span>看图</span></div><div style=""font-size:14px;color:#666666;margin-bottom:20px"" class=""ant-col-24""><span style=""margin-right:5px;font-weight:bold"">道具</span><span style=""margin-right:5px"">:</span><span>看图</span></div><div style=""font-size:14px;color:#666666;margin-bottom:20px"" class=""ant-col-24""><span style=""margin-right:5px;font-weight:bold"">其他</span><span style=""margin-right:5px"">:</span><span>看图</span></div><div style=""font-size:14px;color:#666666;margin-bottom:20px"" class=""ant-col-24""><span style=""margin-right:5px;font-weight:bold"">套装</span><span style=""margin-right:5px"">:</span><span>双全装</span></div><div style=""font-size:14px;color:#666666;margin-bottom:20px"" class=""ant-col-24""><span style=""margin-right:5px;font-weight:bold"">排位赛</span><span style=""margin-right:5px"">:</span><span>可排位</span></div><div style=""font-size:14px;color:#666666;margin-bottom:20px"" class=""ant-col-24""><span style=""margin-right:5px;font-weight:bold"">到时不下线</span><span style=""margin-right:5px"">:</span><span>参与</span></div><div style=""font-size:14px;color:#666666;margin-bottom:20px"" class=""ant-col-24""><span style=""margin-right:5px;font-weight:bold"">上号方式</span><span style=""margin-right:5px"">:</span><span>上号器上号</span></div></div><div class=""ant-row""><div class=""titles_styles""><div class=""titles_styles_mark""></div><div class=""titles_styles_word"">账号描述</div></div><div class=""accout_remark_word""><span>A76穿越火线☆30V☆2王者☆m200幻神☆王者之心☆雷神☆黑骑士☆白虎☆毁灭☆激光☆</span></div></div><div class=""ant-row game_picture_card""><div class=""titles_styles""><div class=""titles_styles_mark""></div><div class=""titles_styles_word"">游戏截图</div></div><i class=""anticon anticon-left-circle left_circle_icon""></i><i class=""anticon anticon-right-circle right_circle_icon""></i><div style=""margin-top:20px""><div class=""ant-carousel""><div class=""slick-initialized slick-slider""><div class=""slick-list""><div class=""slick-track""><img src=""http://files.xubei.com/demon/8e4e6f63e8b24d228157b8f9d8975c38.png"" style=""height:760px;background:#eee;object-fit:contain"" data-index=""-1"" class=""slick-slide slick-cloned""><img src=""http://files.xubei.com/demon/f4a7fcb43b304aeb8e5341cbd0bdce9b.png"" style=""outline:none;height:760px;background:#eee;object-fit:contain"" data-index=""0"" class=""slick-slide slick-active slick-cloned"" tabindex=""-1""><img src=""http://files.xubei.com/demon/8e4e6f63e8b24d228157b8f9d8975c38.png"" style=""outline:none;height:760px;background:#eee;object-fit:contain"" data-index=""1"" class=""slick-slide slick-cloned"" tabindex=""-1""><img src=""http://files.xubei.com/demon/f4a7fcb43b304aeb8e5341cbd0bdce9b.png"" style=""height:760px;background:#eee;object-fit:contain"" data-index=""2"" class=""slick-slide slick-cloned""></div></div></div></div></div></div></div>",http://list.xubei.org/goods_details?goodsId=3252138,A76穿越火线☆30V☆2王者☆m200幻神☆王者之心☆雷神☆黑骑士☆白虎☆毁灭☆激光☆,1622484261743
"<div style=""padding:20px;padding-bottom:40px""><div class=""ant-row"" style=""margin-bottom:30px""><div style=""font-size:14px;color:#666666;margin-bottom:20px"" class=""ant-col-24""><span style=""margin-right:5px;font-weight:bold"">英雄级道具数量</span><span style=""margin-right:5px"">:</span><span>254</span></div><div style=""font-size:14px;color:#666666;margin-bottom:20px"" class=""ant-col-24""><span style=""margin-right:5px;font-weight:bold"">王者级道具数</span><span style=""margin-right:5px"">:</span><span>20</span></div><div style=""font-size:14px;color:#666666;margin-bottom:20px"" class=""ant-col-24""><span style=""margin-right:5px;font-weight:bold"">人物角色</span><span style=""margin-right:5px"">:</span><span>氪金神豪号~等您体验</span></div><div style=""font-size:14px;color:#666666;margin-bottom:20px"" class=""ant-col-24""><span style=""margin-right:5px;font-weight:bold"">主武器</span><span style=""margin-right:5px"">:</span><span>氪金神豪号~等您体验</span></div><div style=""font-size:14px;color:#666666;margin-bottom:20px"" class=""ant-col-24""><span style=""margin-right:5px;font-weight:bold"">CF皮肤</span><span style=""margin-right:5px"">:</span><span>氪金神豪号~等您体验</span></div><div style=""font-size:14px;color:#666666;margin-bottom:20px"" class=""ant-col-24""><span style=""margin-right:5px;font-weight:bold"">副武器</span><span style=""margin-right:5px"">:</span><span>氪金神豪号~等您体验</span></div><div style=""font-size:14px;color:#666666;margin-bottom:20px"" class=""ant-col-24""><span style=""margin-right:5px;font-weight:bold"">枪王排位等级</span><span style=""margin-right:5px"">:</span><span>无</span></div><div style=""font-size:14px;color:#666666;margin-bottom:20px"" class=""ant-col-24""><span style=""margin-right:5px;font-weight:bold"">近身</span><span style=""margin-right:5px"">:</span><span>氪金神豪号~等您体验</span></div><div style=""font-size:14px;color:#666666;margin-bottom:20px"" class=""ant-col-24""><span style=""margin-right:5px;font-weight:bold"">投掷</span><span style=""margin-right:5px"">:</span><span>氪金神豪号~等您体验</span></div><div style=""font-size:14px;color:#666666;margin-bottom:20px"" class=""ant-col-24""><span style=""margin-right:5px;font-weight:bold"">道具</span><span style=""margin-right:5px"">:</span><span>氪金神豪号~等您体验</span></div><div style=""font-size:14px;color:#666666;margin-bottom:20px"" class=""ant-col-24""><span style=""margin-right:5px;font-weight:bold"">其他</span><span style=""margin-right:5px"">:</span><span>氪金神豪号~等您体验</span></div><div style=""font-size:14px;color:#666666;margin-bottom:20px"" class=""ant-col-24""><span style=""margin-right:5px;font-weight:bold"">套装</span><span style=""margin-right:5px"">:</span><span>双全装</span></div><div style=""font-size:14px;color:#666666;margin-bottom:20px"" class=""ant-col-24""><span style=""margin-right:5px;font-weight:bold"">排位赛</span><span style=""margin-right:5px"">:</span><span>可排位</span></div><div style=""font-size:14px;color:#666666;margin-bottom:20px"" class=""ant-col-24""><span style=""margin-right:5px;font-weight:bold"">到时不下线</span><span style=""margin-right:5px"">:</span><span>参与</span></div><div style=""font-size:14px;color:#666666;margin-bottom:20px"" class=""ant-col-24""><span style=""margin-right:5px;font-weight:bold"">上号方式</span><span style=""margin-right:5px"">:</span><span>上号器上号</span></div></div><div class=""ant-row""><div class=""titles_styles""><div class=""titles_styles_mark""></div><div class=""titles_styles_word"">账号描述</div></div><div class=""accout_remark_word""><span>SD74★可排位/氪金神豪号/254V★传说女帝/传说光耀/传说暗裔★贵族金牛牛/幻神-AG皮肤-幻神音效卡/6烈龙-斯太尔蝴蝶/6盘龙/6音效卡★夜魔套/堕天神-迷迭香/雷暴套/雷霆套★王者玲珑小乔/魅影★4把幻神/王者幻神/星神/cat刀锋猫 刀锋M4/COP旗袍/M37葵★火麒麟横秒之巅.冠军之怒/冠军之势/毁灭CFS2018/火麒麟CFS2018★等等等等
新增  黑骑士S4冠军典藏  雷神R.LGDS18冠军  黄金猫猫手套-白鲨</span></div></div><div class=""ant-row game_picture_card""><div class=""titles_styles""><div class=""titles_styles_mark""></div><div class=""titles_styles_word"">游戏截图</div></div><i class=""anticon anticon-left-circle left_circle_icon""></i><i class=""anticon anticon-right-circle right_circle_icon""></i><div style=""margin-top:20px""><div class=""ant-carousel""><div class=""slick-initialized slick-slider""><div class=""slick-list""><div class=""slick-track""><img src=""http://files.xubei.com/demon/376fadec9d2445a5a07ee4f7e9073fea.png"" style=""height:760px;background:#eee;object-fit:contain"" data-index=""-1"" class=""slick-slide slick-cloned""><img src=""http://files.xubei.com/demon/6d243c032f184fc282fcc497d404b980.png"" style=""outline:none;height:760px;background:#eee;object-fit:contain"" data-index=""0"" class=""slick-slide slick-active slick-cloned"" tabindex=""-1""><img src=""http://files.xubei.com/demon/c9f9b26c7b3c475291a8c2994da71c64.png"" style=""outline:none;height:760px;background:#eee;object-fit:contain"" data-index=""1"" class=""slick-slide slick-cloned"" tabindex=""-1""><img src=""http://files.xubei.com/demon/fd0d8a2018cc468684317118b9669509.jpg"" style=""outline:none;height:760px;background:#eee;object-fit:contain"" data-index=""2"" class=""slick-slide slick-cloned"" tabindex=""-1""><img src=""http://files.xubei.com/demon/aa959023f83c4f81bdd5b3410145041c.png"" style=""outline:none;height:760px;background:#eee;object-fit:contain"" data-index=""3"" class=""slick-slide slick-cloned"" tabindex=""-1""><img src=""http://files.xubei.com/demon/0ddaf540a73849d4829e63ff246ba725.png"" style=""outline:none;height:760px;background:#eee;object-fit:contain"" data-index=""4"" class=""slick-slide slick-cloned"" tabindex=""-1""><img src=""http://files.xubei.com/demon/1bc8b00d0a1848c9a175265f5dbf8738.png"" style=""outline:none;height:760px;background:#eee;object-fit:contain"" data-index=""5"" class=""slick-slide slick-cloned"" tabindex=""-1""><img src=""http://files.xubei.com/demon/376fadec9d2445a5a07ee4f7e9073fea.png"" style=""outline:none;height:760px;background:#eee;object-fit:contain"" data-index=""6"" class=""slick-slide slick-cloned"" tabindex=""-1""><img src=""http://files.xubei.com/demon/6d243c032f184fc282fcc497d404b980.png"" style=""height:760px;background:#eee;object-fit:contain"" data-index=""7"" class=""slick-slide slick-cloned""></div></div></div></div></div></div></div>",http://list.xubei.org/goods_details?goodsId=3845184,SD74★可排位/氪金神豪号/254V★传说女帝/传说光耀/传说暗裔★贵族金牛牛/幻神-AG皮肤-幻神音效卡/6烈龙-斯太尔蝴蝶/6盘龙/6音效卡★夜魔套/堕天神-迷迭香/雷暴套/雷霆套★王者玲珑小乔,66155239454414
"<div style=""padding:20px;padding-bottom:40px""><div class=""ant-row"" style=""margin-bottom:30px""><div style=""font-size:14px;color:#666666;margin-bottom:20px"" class=""ant-col-24""><span style=""margin-right:5px;font-weight:bold"">英雄级道具数量</span><span style=""margin-right:5px"">:</span><span>50</span></div><div style=""font-size:14px;color:#666666;margin-bottom:20px"" class=""ant-col-24""><span style=""margin-right:5px;font-weight:bold"">王者级道具数</span><span style=""margin-right:5px"">:</span><span>3</span></div><div style=""font-size:14px;color:#666666;margin-bottom:20px"" class=""ant-col-24""><span style=""margin-right:5px;font-weight:bold"">人物角色</span><span style=""margin-right:5px"">:</span><span>王者之势/樱/7列4修/毁灭/雷神*3/天龙/极光/死神/天神*2/火麒麟*2/黑骑士/黑武士/超新星/机械迷城/金色蔷薇/幻兽沙鹰/幻兽女王刃/幻兽高爆/幻兽烟雾/幻兽闪光/屠龙*2/龙啸/擎天/麒麟刺/源雷神/黑武士暗月/火麒麟暗月/毁灭暗月/天启暗月/幻影/雷霆/堕天使/救世复仇/陈龙野</span></div><div style=""font-size:14px;color:#666666;margin-bottom:20px"" class=""ant-col-24""><span style=""margin-right:5px;font-weight:bold"">主武器</span><span style=""margin-right:5px"">:</span><span>王者之势/樱/7列4修/毁灭/雷神*3/天龙/极光/死神/天神*2/火麒麟*2/黑骑士/黑武士/超新星/机械迷城/金色蔷薇/幻兽沙鹰/幻兽女王刃/幻兽高爆/幻兽烟雾/幻兽闪光/屠龙*2/龙啸/擎天/麒麟刺/源雷神/黑武士暗月/火麒麟暗月/毁灭暗月/天启暗月/幻影/雷霆/堕天使/救世复仇/陈龙野</span></div><div style=""font-size:14px;color:#666666;margin-bottom:20px"" class=""ant-col-24""><span style=""margin-right:5px;font-weight:bold"">CF皮肤</span><span style=""margin-right:5px"">:</span><span>王者之势/樱/7列4修/毁灭/雷神*3/天龙/极光/死神/天神*2/火麒麟*2/黑骑士/黑武士/超新星/机械迷城/金色蔷薇/幻兽沙鹰/幻兽女王刃/幻兽高爆/幻兽烟雾/幻兽闪光/屠龙*2/龙啸/擎天/麒麟刺/源雷神/黑武士暗月/火麒麟暗月/毁灭暗月/天启暗月/幻影/雷霆/堕天使/救世复仇/陈龙野</span></div><div style=""font-size:14px;color:#666666;margin-bottom:20px"" class=""ant-col-24""><span style=""margin-right:5px;font-weight:bold"">副武器</span><span style=""margin-right:5px"">:</span><span>王者之势/樱/7列4修/毁灭/雷神*3/天龙/极光/死神/天神*2/火麒麟*2/黑骑士/黑武士/超新星/机械迷城/金色蔷薇/幻兽沙鹰/幻兽女王刃/幻兽高爆/幻兽烟雾/幻兽闪光/屠龙*2/龙啸/擎天/麒麟刺/源雷神/黑武士暗月/火麒麟暗月/毁灭暗月/天启暗月/幻影/雷霆/堕天使/救世复仇/陈龙野</span></div><div style=""font-size:14px;color:#666666;margin-bottom:20px"" class=""ant-col-24""><span style=""margin-right:5px;font-weight:bold"">枪王排位等级</span><span style=""margin-right:5px"">:</span><span></span></div><div style=""font-size:14px;color:#666666;margin-bottom:20px"" class=""ant-col-24""><span style=""margin-right:5px;font-weight:bold"">近身</span><span style=""margin-right:5px"">:</span><span>王者之势/樱/7列4修/毁灭/雷神*3/天龙/极光/死神/天神*2/火麒麟*2/黑骑士/黑武士/超新星/机械迷城/金色蔷薇/幻兽沙鹰/幻兽女王刃/幻兽高爆/幻兽烟雾/幻兽闪光/屠龙*2/龙啸/擎天/麒麟刺/源雷神/黑武士暗月/火麒麟暗月/毁灭暗月/天启暗月/幻影/雷霆/堕天使/救世复仇/陈龙野</span></div><div style=""font-size:14px;color:#666666;margin-bottom:20px"" class=""ant-col-24""><span style=""margin-right:5px;font-weight:bold"">投掷</span><span style=""margin-right:5px"">:</span><span>王者之势/樱/7列4修/毁灭/雷神*3/天龙/极光/死神/天神*2/火麒麟*2/黑骑士/黑武士/超新星/机械迷城/金色蔷薇/幻兽沙鹰/幻兽女王刃/幻兽高爆/幻兽烟雾/幻兽闪光/屠龙*2/龙啸/擎天/麒麟刺/源雷神/黑武士暗月/火麒麟暗月/毁灭暗月/天启暗月/幻影/雷霆/堕天使/救世复仇/陈龙野</span></div><div style=""font-size:14px;color:#666666;margin-bottom:20px"" class=""ant-col-24""><span style=""margin-right:5px;font-weight:bold"">道具</span><span style=""margin-right:5px"">:</span><span>王者之势/樱/7列4修/毁灭/雷神*3/天龙/极光/死神/天神*2/火麒麟*2/黑骑士/黑武士/超新星/机械迷城/金色蔷薇/幻兽沙鹰/幻兽女王刃/幻兽高爆/幻兽烟雾/幻兽闪光/屠龙*2/龙啸/擎天/麒麟刺/源雷神/黑武士暗月/火麒麟暗月/毁灭暗月/天启暗月/幻影/雷霆/堕天使/救世复仇/陈龙野</span></div><div style=""font-size:14px;color:#666666;margin-bottom:20px"" class=""ant-col-24""><span style=""margin-right:5px;font-weight:bold"">其他</span><span style=""margin-right:5px"">:</span><span>王者之势/樱/7列4修/毁灭/雷神*3/天龙/极光/死神/天神*2/火麒麟*2/黑骑士/黑武士/超新星/机械迷城/金色蔷薇/幻兽沙鹰/幻兽女王刃/幻兽高爆/幻兽烟雾/幻兽闪光/屠龙*2/龙啸/擎天/麒麟刺/源雷神/黑武士暗月/火麒麟暗月/毁灭暗月/天启暗月/幻影/雷霆/堕天使/救世复仇/陈龙野</span></div><div style=""font-size:14px;color:#666666;margin-bottom:20px"" class=""ant-col-24""><span style=""margin-right:5px;font-weight:bold"">套装</span><span style=""margin-right:5px"">:</span><span>稀有武器</span></div><div style=""font-size:14px;color:#666666;margin-bottom:20px"" class=""ant-col-24""><span style=""margin-right:5px;font-weight:bold"">排位赛</span><span style=""margin-right:5px"">:</span><span>可排位</span></div><div style=""font-size:14px;color:#666666;margin-bottom:20px"" class=""ant-col-24""><span style=""margin-right:5px;font-weight:bold"">到时不下线</span><span style=""margin-right:5px"">:</span><span>参与</span></div><div style=""font-size:14px;color:#666666;margin-bottom:20px"" class=""ant-col-24""><span style=""margin-right:5px;font-weight:bold"">上号方式</span><span style=""margin-right:5px"">:</span><span>上号器上号</span></div></div><div class=""ant-row""><div class=""titles_styles""><div class=""titles_styles_mark""></div><div class=""titles_styles_word"">账号描述</div></div><div class=""accout_remark_word""><span>普通登录，请知悉。因TX有异地限制，密码错误时可尝试多登录几次。租时在线直接顶（没人租，不顶号）喜欢请收藏。------------------------------------------------------------------------------------------------

警告:本商户从事租号行业多年，平台内拥有数千账号。我们拥有专业的法务部门和追讨人员。常年与全国各地警务、法院及地方追讨人员有诸多来往。如账号出现被封情况，我们将根据登录ip、注册手机、威信或者秋秋，以及充值的支付宝或威信后台记录的真实资料追查到底。网络不是法外之地请大家文明游戏，请勿有侥幸之心。
</span></div></div><div class=""ant-row game_picture_card""><div class=""titles_styles""><div class=""titles_styles_mark""></div><div class=""titles_styles_word"">游戏截图</div></div><i class=""anticon anticon-left-circle left_circle_icon""></i><i class=""anticon anticon-right-circle right_circle_icon""></i><div style=""margin-top:20px""><div class=""ant-carousel""><div class=""slick-initialized slick-slider""><div class=""slick-list""><div class=""slick-track""><img src=""http://files.xubei.com/demon/85939df7caf64b8b8aaff887a5053383.jpg"" style=""height:760px;background:#eee;object-fit:contain"" data-index=""-1"" class=""slick-slide slick-cloned""><img src=""http://files.xubei.com/demon/3eb80f49668b46139f186426f00c4e1a.jpg"" style=""outline:none;height:760px;background:#eee;object-fit:contain"" data-index=""0"" class=""slick-slide slick-active slick-cloned"" tabindex=""-1""><img src=""http://files.xubei.com/demon/164925f2652746d9929dcc28e36dc56a.jpg"" style=""outline:none;height:760px;background:#eee;object-fit:contain"" data-index=""1"" class=""slick-slide slick-cloned"" tabindex=""-1""><img src=""http://files.xubei.com/demon/ee7606cc04b1415f9d09505ca64fc545.jpg"" style=""outline:none;height:760px;background:#eee;object-fit:contain"" data-index=""2"" class=""slick-slide slick-cloned"" tabindex=""-1""><img src=""http://files.xubei.com/demon/85939df7caf64b8b8aaff887a5053383.jpg"" style=""outline:none;height:760px;background:#eee;object-fit:contain"" data-index=""3"" class=""slick-slide slick-cloned"" tabindex=""-1""><img src=""http://files.xubei.com/demon/3eb80f49668b46139f186426f00c4e1a.jpg"" style=""height:760px;background:#eee;object-fit:contain"" data-index=""4"" class=""slick-slide slick-cloned""></div></div></div></div></div></div></div>",http://list.xubei.org/goods_details?goodsId=3615783,3850/-116/50V/王者之势/樱/7列6修/毁灭/雷神*3/天龙/极光/死神/天神*2/火麒麟*2/黑骑士/黑武士/超新星/机械迷城/金色蔷薇/幻兽沙鹰/幻兽女王刃/幻兽高爆/幻兽烟雾/幻兽闪光/屠龙*2/龙啸/擎天/麒麟刺/源雷神/黑武士暗月/火麒麟暗月/毁灭暗月/天启暗月/幻影/雷霆/堕天使/救世复仇/陈龙野,39231616198136
"<div style=""padding:20px;padding-bottom:40px""><div class=""ant-row"" style=""margin-bottom:30px""><div style=""font-size:14px;color:#666666;margin-bottom:20px"" class=""ant-col-24""><span style=""margin-right:5px;font-weight:bold"">英雄级道具数量</span><span style=""margin-right:5px"">:</span><span>33</span></div><div style=""font-size:14px;color:#666666;margin-bottom:20px"" class=""ant-col-24""><span style=""margin-right:5px;font-weight:bold"">王者级道具数</span><span style=""margin-right:5px"">:</span><span>6</span></div><div style=""font-size:14px;color:#666666;margin-bottom:20px"" class=""ant-col-24""><span style=""margin-right:5px;font-weight:bold"">人物角色</span><span style=""margin-right:5px"">:</span><span>可排位/传奇-33V_6王者_3炫金雷神_炫金毁灭_炫金武士_王者之怒王者之幻火麒麟音效卡雷神音效卡，火麒麟华夏之心毁灭耀金</span></div><div style=""font-size:14px;color:#666666;margin-bottom:20px"" class=""ant-col-24""><span style=""margin-right:5px;font-weight:bold"">主武器</span><span style=""margin-right:5px"">:</span><span>可排位/传奇-33V_6王者_3炫金雷神_炫金毁灭_炫金武士_王者之怒王者之幻火麒麟音效卡雷神音效卡，火麒麟华夏之心毁灭耀金</span></div><div style=""font-size:14px;color:#666666;margin-bottom:20px"" class=""ant-col-24""><span style=""margin-right:5px;font-weight:bold"">CF皮肤</span><span style=""margin-right:5px"">:</span><span>可排位/传奇-33V_6王者_3炫金雷神_炫金毁灭_炫金武士_王者之怒王者之幻火麒麟音效卡雷神音效卡，火麒麟华夏之心毁灭耀金</span></div><div style=""font-size:14px;color:#666666;margin-bottom:20px"" class=""ant-col-24""><span style=""margin-right:5px;font-weight:bold"">副武器</span><span style=""margin-right:5px"">:</span><span>可排位/传奇-33V_6王者_3炫金雷神_炫金毁灭_炫金武士_王者之怒王者之幻火麒麟音效卡雷神音效卡，火麒麟华夏之心毁灭耀金</span></div><div style=""font-size:14px;color:#666666;margin-bottom:20px"" class=""ant-col-24""><span style=""margin-right:5px;font-weight:bold"">枪王排位等级</span><span style=""margin-right:5px"">:</span><span>传奇</span></div><div style=""font-size:14px;color:#666666;margin-bottom:20px"" class=""ant-col-24""><span style=""margin-right:5px;font-weight:bold"">近身</span><span style=""margin-right:5px"">:</span><span>可排位/传奇-33V_6王者_3炫金雷神_炫金毁灭_炫金武士_王者之怒王者之幻火麒麟音效卡雷神音效卡，火麒麟华夏之心毁灭耀金</span></div><div style=""font-size:14px;color:#666666;margin-bottom:20px"" class=""ant-col-24""><span style=""margin-right:5px;font-weight:bold"">投掷</span><span style=""margin-right:5px"">:</span><span>可排位/传奇-33V_6王者_3炫金雷神_炫金毁灭_炫金武士_王者之怒王者之幻火麒麟音效卡雷神音效卡，火麒麟华夏之心毁灭耀金</span></div><div style=""font-size:14px;color:#666666;margin-bottom:20px"" class=""ant-col-24""><span style=""margin-right:5px;font-weight:bold"">道具</span><span style=""margin-right:5px"">:</span><span>可排位/传奇-33V_6王者_3炫金雷神_炫金毁灭_炫金武士_王者之怒王者之幻火麒麟音效卡雷神音效卡，火麒麟华夏之心毁灭耀金</span></div><div style=""font-size:14px;color:#666666;margin-bottom:20px"" class=""ant-col-24""><span style=""margin-right:5px;font-weight:bold"">其他</span><span style=""margin-right:5px"">:</span><span>可排位/传奇-33V_6王者_3炫金雷神_炫金毁灭_炫金武士_王者之怒王者之幻火麒麟音效卡雷神音效卡，火麒麟华夏之心毁灭耀金</span></div><div style=""font-size:14px;color:#666666;margin-bottom:20px"" class=""ant-col-24""><span style=""margin-right:5px;font-weight:bold"">套装</span><span style=""margin-right:5px"">:</span><span>双全装</span></div><div style=""font-size:14px;color:#666666;margin-bottom:20px"" class=""ant-col-24""><span style=""margin-right:5px;font-weight:bold"">排位赛</span><span style=""margin-right:5px"">:</span><span>不可排位</span></div><div style=""font-size:14px;color:#666666;margin-bottom:20px"" class=""ant-col-24""><span style=""margin-right:5px;font-weight:bold"">到时不下线</span><span style=""margin-right:5px"">:</span><span>参与</span></div><div style=""font-size:14px;color:#666666;margin-bottom:20px"" class=""ant-col-24""><span style=""margin-right:5px;font-weight:bold"">上号方式</span><span style=""margin-right:5px"">:</span><span>上号器上号</span></div></div><div class=""ant-row""><div class=""titles_styles""><div class=""titles_styles_mark""></div><div class=""titles_styles_word"">账号描述</div></div><div class=""accout_remark_word""><span>可排位/传奇-33V_6王者_3炫金雷神_炫金毁灭_炫金武士_王者之怒王者之幻火麒麟音效卡雷神音效卡，火麒麟华夏之心毁灭耀金</span></div></div><div class=""ant-row game_picture_card""><div class=""titles_styles""><div class=""titles_styles_mark""></div><div class=""titles_styles_word"">游戏截图</div></div><i class=""anticon anticon-left-circle left_circle_icon""></i><i class=""anticon anticon-right-circle right_circle_icon""></i><div style=""margin-top:20px""><div class=""ant-carousel""><div class=""slick-initialized slick-slider""><div class=""slick-list""><div class=""slick-track""><img src=""http://files.xubei.com/demon/e58c9b078f3348c8894f26db8382cdcd.jpg"" style=""height:760px;background:#eee;object-fit:contain"" data-index=""-1"" class=""slick-slide slick-cloned""><img src=""http://files.xubei.com/demon/ce060939d0d844559a8b6ef21880a09f.jpg"" style=""outline:none;height:760px;background:#eee;object-fit:contain"" data-index=""0"" class=""slick-slide slick-active slick-cloned"" tabindex=""-1""><img src=""http://files.xubei.com/demon/2b15615f5d7e47978adb6729edd7e57a.jpg"" style=""outline:none;height:760px;background:#eee;object-fit:contain"" data-index=""1"" class=""slick-slide slick-cloned"" tabindex=""-1""><img src=""http://files.xubei.com/demon/e58c9b078f3348c8894f26db8382cdcd.jpg"" style=""outline:none;height:760px;background:#eee;object-fit:contain"" data-index=""2"" class=""slick-slide slick-cloned"" tabindex=""-1""><img src=""http://files.xubei.com/demon/ce060939d0d844559a8b6ef21880a09f.jpg"" style=""height:760px;background:#eee;object-fit:contain"" data-index=""3"" class=""slick-slide slick-cloned""></div></div></div></div></div></div></div>",http://list.xubei.org/goods_details?goodsId=2980630,D47【置顶】可排位/传奇-33V_6王者_3炫金雷神_炫金毁灭_炫金武士_王者之怒王者之幻火麒麟音效卡雷神音效卡，火麒麟华夏之心毁灭耀金,40270210347217
"<div style=""padding:20px;padding-bottom:40px""><div class=""ant-row"" style=""margin-bottom:30px""><div style=""font-size:14px;color:#666666;margin-bottom:20px"" class=""ant-col-24""><span style=""margin-right:5px;font-weight:bold"">英雄级道具数量</span><span style=""margin-right:5px"">:</span><span>70</span></div><div style=""font-size:14px;color:#666666;margin-bottom:20px"" class=""ant-col-24""><span style=""margin-right:5px;font-weight:bold"">王者级道具数</span><span style=""margin-right:5px"">:</span><span>0</span></div><div style=""font-size:14px;color:#666666;margin-bottom:20px"" class=""ant-col-24""><span style=""margin-right:5px;font-weight:bold"">人物角色</span><span style=""margin-right:5px"">:</span><span>王者涂鸦（捕食者之眼 生化觉醒 佣兵觉醒）零-水下丽影（防闪 防雷 防摔）</span></div><div style=""font-size:14px;color:#666666;margin-bottom:20px"" class=""ant-col-24""><span style=""margin-right:5px;font-weight:bold"">主武器</span><span style=""margin-right:5px"">:</span><span>王者涂鸦（捕食者之眼 生化觉醒 佣兵觉醒）零-水下丽影（防闪 防雷 防摔）</span></div><div style=""font-size:14px;color:#666666;margin-bottom:20px"" class=""ant-col-24""><span style=""margin-right:5px;font-weight:bold"">CF皮肤</span><span style=""margin-right:5px"">:</span><span>账号已备案，开挂封号直接报警处理！账号已备案，开挂封号直接报警处理！</span></div><div style=""font-size:14px;color:#666666;margin-bottom:20px"" class=""ant-col-24""><span style=""margin-right:5px;font-weight:bold"">副武器</span><span style=""margin-right:5px"">:</span><span>进入游戏确认大区是否正确！检查弹夹道具是否已装备！</span></div><div style=""font-size:14px;color:#666666;margin-bottom:20px"" class=""ant-col-24""><span style=""margin-right:5px;font-weight:bold"">枪王排位等级</span><span style=""margin-right:5px"">:</span><span>大师</span></div><div style=""font-size:14px;color:#666666;margin-bottom:20px"" class=""ant-col-24""><span style=""margin-right:5px;font-weight:bold"">近身</span><span style=""margin-right:5px"">:</span><span>账号已备案，开挂封号直接报警处理！账号已备案，开挂封号直接报警处理！</span></div><div style=""font-size:14px;color:#666666;margin-bottom:20px"" class=""ant-col-24""><span style=""margin-right:5px;font-weight:bold"">投掷</span><span style=""margin-right:5px"">:</span><span>进入游戏确认大区是否正确！检查弹夹道具是否已装备！</span></div><div style=""font-size:14px;color:#666666;margin-bottom:20px"" class=""ant-col-24""><span style=""margin-right:5px;font-weight:bold"">道具</span><span style=""margin-right:5px"">:</span><span>进入游戏确认大区是否正确！检查弹夹道具是否已装备！</span></div><div style=""font-size:14px;color:#666666;margin-bottom:20px"" class=""ant-col-24""><span style=""margin-right:5px;font-weight:bold"">其他</span><span style=""margin-right:5px"">:</span><span>进入游戏确认大区是否正确！检查弹夹道具是否已装备！</span></div><div style=""font-size:14px;color:#666666;margin-bottom:20px"" class=""ant-col-24""><span style=""margin-right:5px;font-weight:bold"">套装</span><span style=""margin-right:5px"">:</span><span>生化装</span></div><div style=""font-size:14px;color:#666666;margin-bottom:20px"" class=""ant-col-24""><span style=""margin-right:5px;font-weight:bold"">排位赛</span><span style=""margin-right:5px"">:</span><span>可排位</span></div><div style=""font-size:14px;color:#666666;margin-bottom:20px"" class=""ant-col-24""><span style=""margin-right:5px;font-weight:bold"">到时不下线</span><span style=""margin-right:5px"">:</span><span>参与</span></div><div style=""font-size:14px;color:#666666;margin-bottom:20px"" class=""ant-col-24""><span style=""margin-right:5px;font-weight:bold"">上号方式</span><span style=""margin-right:5px"">:</span><span>上号器上号</span></div></div><div class=""ant-row""><div class=""titles_styles""><div class=""titles_styles_mark""></div><div class=""titles_styles_word"">账号描述</div></div><div class=""accout_remark_word""><span>70V/生化天花板级别/雷霆套/6盘6烈6副/炼狱/蝴蝶/毁灭耀金皮肤-雷神星空皮肤/雷神毁灭裁决音效卡/生化显血-无需换弹-开局移速提高-迷你雷/手斧镜

■不想玩就维权原因写不想玩，10分钟之内会同意！其他有问题就放上截图好给你们一一解决，乱维权的查实不符*进黑名单！■

■道具什么的都会及时续费,不会存在过期的情况，给你们一个良好的游戏体验，游戏内请勿删除好友，好友都是有用的,希望大家能遵守一下■</span></div></div><div class=""ant-row game_picture_card""><div class=""titles_styles""><div class=""titles_styles_mark""></div><div class=""titles_styles_word"">游戏截图</div></div><i class=""anticon anticon-left-circle left_circle_icon""></i><i class=""anticon anticon-right-circle right_circle_icon""></i><div style=""margin-top:20px""><div class=""ant-carousel""><div class=""slick-initialized slick-slider""><div class=""slick-list""><div class=""slick-track""><img src=""http://files.xubei.com/demon/69f274b91b6d4a3a82353a50956c2b82.png"" style=""height:760px;background:#eee;object-fit:contain"" data-index=""-1"" class=""slick-slide slick-cloned""><img src=""http://files.xubei.com/demon/4bb7f0c966284ad1bb786c6bc5dde665.png"" style=""outline:none;height:760px;background:#eee;object-fit:contain"" data-index=""0"" class=""slick-slide slick-active slick-cloned"" tabindex=""-1""><img src=""http://files.xubei.com/demon/2e72000091c6408cbc18ca128f5251bc.png"" style=""outline:none;height:760px;background:#eee;object-fit:contain"" data-index=""1"" class=""slick-slide slick-cloned"" tabindex=""-1""><img src=""http://files.xubei.com/demon/b084cd3006f344a7b87a844cc0c6ac39.png"" style=""outline:none;height:760px;background:#eee;object-fit:contain"" data-index=""2"" class=""slick-slide slick-cloned"" tabindex=""-1""><img src=""http://files.xubei.com/demon/9f43f15e73df4d509a3754451712badf.png"" style=""outline:none;height:760px;background:#eee;object-fit:contain"" data-index=""3"" class=""slick-slide slick-cloned"" tabindex=""-1""><img src=""http://files.xubei.com/demon/82ef7221fab649929ca302c9da1de889.png"" style=""outline:none;height:760px;background:#eee;object-fit:contain"" data-index=""4"" class=""slick-slide slick-cloned"" tabindex=""-1""><img src=""http://files.xubei.com/demon/dd16423e9a514a5fad48b6019a965e4e.png"" style=""outline:none;height:760px;background:#eee;object-fit:contain"" data-index=""5"" class=""slick-slide slick-cloned"" tabindex=""-1""><img src=""http://files.xubei.com/demon/dca66fa28ee14df18e51b260b0e3f068.png"" style=""outline:none;height:760px;background:#eee;object-fit:contain"" data-index=""6"" class=""slick-slide slick-cloned"" tabindex=""-1""><img src=""http://files.xubei.com/demon/fd62e1c78404403495c5c43769657525.png"" style=""outline:none;height:760px;background:#eee;object-fit:contain"" data-index=""7"" class=""slick-slide slick-cloned"" tabindex=""-1""><img src=""http://files.xubei.com/demon/ddfb44c4eac04606b45505f36b73cfaf.png"" style=""outline:none;height:760px;background:#eee;object-fit:contain"" data-index=""8"" class=""slick-slide slick-cloned"" tabindex=""-1""><img src=""http://files.xubei.com/demon/69f274b91b6d4a3a82353a50956c2b82.png"" style=""outline:none;height:760px;background:#eee;object-fit:contain"" data-index=""9"" class=""slick-slide slick-cloned"" tabindex=""-1""><img src=""http://files.xubei.com/demon/4bb7f0c966284ad1bb786c6bc5dde665.png"" style=""height:760px;background:#eee;object-fit:contain"" data-index=""10"" class=""slick-slide slick-cloned""></div></div></div></div></div></div></div>",http://list.xubei.org/goods_details?goodsId=3860148,70V/生化天花板级别/雷霆套/6盘6烈6副/炼狱/蝴蝶/毁灭耀金皮肤-雷神星空皮肤/雷神毁灭裁决音效卡/生化显血-无需换弹-开局移速提高-迷你雷/手斧镜,71492746852355
"<div style=""padding:20px;padding-bottom:40px""><div class=""ant-row"" style=""margin-bottom:30px""><div style=""font-size:14px;color:#666666;margin-bottom:20px"" class=""ant-col-24""><span style=""margin-right:5px;font-weight:bold"">英雄级道具数量</span><span style=""margin-right:5px"">:</span><span>150</span></div><div style=""font-size:14px;color:#666666;margin-bottom:20px"" class=""ant-col-24""><span style=""margin-right:5px;font-weight:bold"">王者级道具数</span><span style=""margin-right:5px"">:</span><span>20</span></div><div style=""font-size:14px;color:#666666;margin-bottom:20px"" class=""ant-col-24""><span style=""margin-right:5px;font-weight:bold"">人物角色</span><span style=""margin-right:5px"">:</span><span>U 5 北部：AG幻神★幻神音效卡★9 8 K星神★幻灵套装★影豹-可透视队友★小红雷神★QBZ-王者蔷薇★坠天神套★Colt1911-CFS★觉醒王者之心★觉醒王者之势★王者冰魄★CFS★全套皮肤★生化★爆破★挑战★排位★应有尽有★欢迎来租★</span></div><div style=""font-size:14px;color:#666666;margin-bottom:20px"" class=""ant-col-24""><span style=""margin-right:5px;font-weight:bold"">主武器</span><span style=""margin-right:5px"">:</span><span>U 5 北部：AG幻神★幻神音效卡★9 8 K星神★幻灵套装★影豹-可透视队友★小红雷神★QBZ-王者蔷薇★坠天神套★Colt1911-CFS★觉醒王者之心★觉醒王者之势★王者冰魄★CFS★全套皮肤★生化★爆破★挑战★排位★应有尽有★欢迎来租★</span></div><div style=""font-size:14px;color:#666666;margin-bottom:20px"" class=""ant-col-24""><span style=""margin-right:5px;font-weight:bold"">CF皮肤</span><span style=""margin-right:5px"">:</span><span>老板你好：上号看，有你喜欢的，应有尽有，必须让老板有面子！</span></div><div style=""font-size:14px;color:#666666;margin-bottom:20px"" class=""ant-col-24""><span style=""margin-right:5px;font-weight:bold"">副武器</span><span style=""margin-right:5px"">:</span><span>老板你好：上号看，有你喜欢的，应有尽有，必须让老板有面子！</span></div><div style=""font-size:14px;color:#666666;margin-bottom:20px"" class=""ant-col-24""><span style=""margin-right:5px;font-weight:bold"">枪王排位等级</span><span style=""margin-right:5px"">:</span><span>枪王</span></div><div style=""font-size:14px;color:#666666;margin-bottom:20px"" class=""ant-col-24""><span style=""margin-right:5px;font-weight:bold"">近身</span><span style=""margin-right:5px"">:</span><span>老板你好：上号看，有你喜欢的，应有尽有，必须让老板有面子！</span></div><div style=""font-size:14px;color:#666666;margin-bottom:20px"" class=""ant-col-24""><span style=""margin-right:5px;font-weight:bold"">投掷</span><span style=""margin-right:5px"">:</span><span>老板你好：上号看，有你喜欢的，应有尽有，必须让老板有面子！</span></div><div style=""font-size:14px;color:#666666;margin-bottom:20px"" class=""ant-col-24""><span style=""margin-right:5px;font-weight:bold"">道具</span><span style=""margin-right:5px"">:</span><span>老板你好：上号看，有你喜欢的，应有尽有，必须让老板有面子！</span></div><div style=""font-size:14px;color:#666666;margin-bottom:20px"" class=""ant-col-24""><span style=""margin-right:5px;font-weight:bold"">其他</span><span style=""margin-right:5px"">:</span><span>老板你好：上号看，有你喜欢的，应有尽有，必须让老板有面子！</span></div><div style=""font-size:14px;color:#666666;margin-bottom:20px"" class=""ant-col-24""><span style=""margin-right:5px;font-weight:bold"">套装</span><span style=""margin-right:5px"">:</span><span>双全装</span></div><div style=""font-size:14px;color:#666666;margin-bottom:20px"" class=""ant-col-24""><span style=""margin-right:5px;font-weight:bold"">排位赛</span><span style=""margin-right:5px"">:</span><span>可排位</span></div><div style=""font-size:14px;color:#666666;margin-bottom:20px"" class=""ant-col-24""><span style=""margin-right:5px;font-weight:bold"">到时不下线</span><span style=""margin-right:5px"">:</span><span>参与</span></div><div style=""font-size:14px;color:#666666;margin-bottom:20px"" class=""ant-col-24""><span style=""margin-right:5px;font-weight:bold"">上号方式</span><span style=""margin-right:5px"">:</span><span>上号器上号</span></div></div><div class=""ant-row""><div class=""titles_styles""><div class=""titles_styles_mark""></div><div class=""titles_styles_word"">账号描述</div></div><div class=""accout_remark_word""><span>U 5 北部：AG幻神★幻神音效卡★9 8 K星神★幻灵套装★影豹-可透视队友★小红雷神★QBZ-王者蔷薇★坠天神套★Colt1911-CFS★觉醒王者之心★觉醒王者之势★王者冰魄★CFS★全套皮肤★生化★爆破★挑战★排位★应有尽有★欢迎来租★</span></div></div><div class=""ant-row game_picture_card""><div class=""titles_styles""><div class=""titles_styles_mark""></div><div class=""titles_styles_word"">游戏截图</div></div><i class=""anticon anticon-left-circle left_circle_icon""></i><i class=""anticon anticon-right-circle right_circle_icon""></i><div style=""margin-top:20px""><div class=""ant-carousel""><div class=""slick-initialized slick-slider""><div class=""slick-list""><div class=""slick-track""><img src=""http://files.xubei.com/demon/f1785c6ab973410b9979bc3518704a74.jpg"" style=""height:760px;background:#eee;object-fit:contain"" data-index=""-1"" class=""slick-slide slick-cloned""><img src=""http://files.xubei.com/demon/ff3ef91189474ecda436f95efcd0f61f.jpg"" style=""outline:none;height:760px;background:#eee;object-fit:contain"" data-index=""0"" class=""slick-slide slick-active slick-cloned"" tabindex=""-1""><img src=""http://files.xubei.com/demon/64888f7702eb4f669057b6e6fd41cb1d.jpg"" style=""outline:none;height:760px;background:#eee;object-fit:contain"" data-index=""1"" class=""slick-slide slick-cloned"" tabindex=""-1""><img src=""http://files.xubei.com/demon/f1785c6ab973410b9979bc3518704a74.jpg"" style=""outline:none;height:760px;background:#eee;object-fit:contain"" data-index=""2"" class=""slick-slide slick-cloned"" tabindex=""-1""><img src=""http://files.xubei.com/demon/ff3ef91189474ecda436f95efcd0f61f.jpg"" style=""height:760px;background:#eee;object-fit:contain"" data-index=""3"" class=""slick-slide slick-cloned""></div></div></div></div></div></div></div>",http://list.xubei.org/goods_details?goodsId=3856740,U 5 北部：AG幻神★幻神音效卡★9 8 K星神★幻灵套装★影豹-可透视队友★小红雷神★QBZ-王者蔷薇★坠天神套★Colt1911-CFS★觉醒王者之心★觉醒王者之势★王者冰魄★CFS★全套皮肤★,59864434156633
"<div style=""padding:20px;padding-bottom:40px""><div class=""ant-row"" style=""margin-bottom:30px""><div style=""font-size:14px;color:#666666;margin-bottom:20px"" class=""ant-col-24""><span style=""margin-right:5px;font-weight:bold"">英雄级道具数量</span><span style=""margin-right:5px"">:</span><span>200</span></div><div style=""font-size:14px;color:#666666;margin-bottom:20px"" class=""ant-col-24""><span style=""margin-right:5px;font-weight:bold"">王者级道具数</span><span style=""margin-right:5px"">:</span><span>30</span></div><div style=""font-size:14px;color:#666666;margin-bottom:20px"" class=""ant-col-24""><span style=""margin-right:5px;font-weight:bold"">人物角色</span><span style=""margin-right:5px"">:</span><span>T 6 北部：斗鱼神豪号★传说光耀★冠军幻神★全音效卡★荣耀世冠套★98K星神★USP雷暴★AG★SV★白鲨★CFS★冠军★荣耀★全套皮肤★6烈6狙6副★各种小人枪★生化★爆破★</span></div><div style=""font-size:14px;color:#666666;margin-bottom:20px"" class=""ant-col-24""><span style=""margin-right:5px;font-weight:bold"">主武器</span><span style=""margin-right:5px"">:</span><span>T 6 北部：斗鱼神豪号★传说光耀★冠军幻神★全音效卡★荣耀世冠套★98K星神★USP雷暴★AG★SV★白鲨★CFS★冠军★荣耀★全套皮肤★6烈6狙6副★各种小人枪★生化★爆破★</span></div><div style=""font-size:14px;color:#666666;margin-bottom:20px"" class=""ant-col-24""><span style=""margin-right:5px;font-weight:bold"">CF皮肤</span><span style=""margin-right:5px"">:</span><span>老板您好，请上号查看，应有尽有！ 感谢老板！</span></div><div style=""font-size:14px;color:#666666;margin-bottom:20px"" class=""ant-col-24""><span style=""margin-right:5px;font-weight:bold"">副武器</span><span style=""margin-right:5px"">:</span><span>老板您好，请上号查看，应有尽有！ 感谢老板！</span></div><div style=""font-size:14px;color:#666666;margin-bottom:20px"" class=""ant-col-24""><span style=""margin-right:5px;font-weight:bold"">枪王排位等级</span><span style=""margin-right:5px"">:</span><span>枪王</span></div><div style=""font-size:14px;color:#666666;margin-bottom:20px"" class=""ant-col-24""><span style=""margin-right:5px;font-weight:bold"">近身</span><span style=""margin-right:5px"">:</span><span>老板您好，请上号查看，应有尽有！ 感谢老板！</span></div><div style=""font-size:14px;color:#666666;margin-bottom:20px"" class=""ant-col-24""><span style=""margin-right:5px;font-weight:bold"">投掷</span><span style=""margin-right:5px"">:</span><span>老板您好，请上号查看，应有尽有！ 感谢老板！</span></div><div style=""font-size:14px;color:#666666;margin-bottom:20px"" class=""ant-col-24""><span style=""margin-right:5px;font-weight:bold"">道具</span><span style=""margin-right:5px"">:</span><span>老板您好，请上号查看，应有尽有！ 感谢老板！</span></div><div style=""font-size:14px;color:#666666;margin-bottom:20px"" class=""ant-col-24""><span style=""margin-right:5px;font-weight:bold"">其他</span><span style=""margin-right:5px"">:</span><span>老板您好，请上号查看，应有尽有！ 感谢老板！</span></div><div style=""font-size:14px;color:#666666;margin-bottom:20px"" class=""ant-col-24""><span style=""margin-right:5px;font-weight:bold"">套装</span><span style=""margin-right:5px"">:</span><span>双全装</span></div><div style=""font-size:14px;color:#666666;margin-bottom:20px"" class=""ant-col-24""><span style=""margin-right:5px;font-weight:bold"">排位赛</span><span style=""margin-right:5px"">:</span><span>可排位</span></div><div style=""font-size:14px;color:#666666;margin-bottom:20px"" class=""ant-col-24""><span style=""margin-right:5px;font-weight:bold"">到时不下线</span><span style=""margin-right:5px"">:</span><span>参与</span></div><div style=""font-size:14px;color:#666666;margin-bottom:20px"" class=""ant-col-24""><span style=""margin-right:5px;font-weight:bold"">上号方式</span><span style=""margin-right:5px"">:</span><span>上号器上号</span></div></div><div class=""ant-row""><div class=""titles_styles""><div class=""titles_styles_mark""></div><div class=""titles_styles_word"">账号描述</div></div><div class=""accout_remark_word""><span>T 6 北部：斗鱼神豪号★传说光耀★冠军幻神★全音效卡★荣耀世冠套★98K星神★USP雷暴★AG★SV★白鲨★CFS★冠军★荣耀★全套皮肤★6烈6狙6副★各种小人枪★生化★爆破★</span></div></div><div class=""ant-row game_picture_card""><div class=""titles_styles""><div class=""titles_styles_mark""></div><div class=""titles_styles_word"">游戏截图</div></div><i class=""anticon anticon-left-circle left_circle_icon""></i><i class=""anticon anticon-right-circle right_circle_icon""></i><div style=""margin-top:20px""><div class=""ant-carousel""><div class=""slick-initialized slick-slider""><div class=""slick-list""><div class=""slick-track""><img src=""http://files.xubei.com/demon/95584d20c8834cbfa4cf790ad5864878.jpg"" style=""height:760px;background:#eee;object-fit:contain"" data-index=""-1"" class=""slick-slide slick-cloned""><img src=""http://files.xubei.com/demon/8046d58f810441fa801827e4e17d91da.jpg"" style=""outline:none;height:760px;background:#eee;object-fit:contain"" data-index=""0"" class=""slick-slide slick-active slick-cloned"" tabindex=""-1""><img src=""http://files.xubei.com/demon/5bcffa52cf8540aca0894a946e6da53e.jpg"" style=""outline:none;height:760px;background:#eee;object-fit:contain"" data-index=""1"" class=""slick-slide slick-cloned"" tabindex=""-1""><img src=""http://files.xubei.com/demon/73d5ce39796844878bdd7223ca896b60.jpg"" style=""outline:none;height:760px;background:#eee;object-fit:contain"" data-index=""2"" class=""slick-slide slick-cloned"" tabindex=""-1""><img src=""http://files.xubei.com/demon/74e74f2548194621908c2496323356d0.png"" style=""outline:none;height:760px;background:#eee;object-fit:contain"" data-index=""3"" class=""slick-slide slick-cloned"" tabindex=""-1""><img src=""http://files.xubei.com/demon/888005982d0046e690bf2713fee207f4.png"" style=""outline:none;height:760px;background:#eee;object-fit:contain"" data-index=""4"" class=""slick-slide slick-cloned"" tabindex=""-1""><img src=""http://files.xubei.com/demon/95584d20c8834cbfa4cf790ad5864878.jpg"" style=""outline:none;height:760px;background:#eee;object-fit:contain"" data-index=""5"" class=""slick-slide slick-cloned"" tabindex=""-1""><img src=""http://files.xubei.com/demon/8046d58f810441fa801827e4e17d91da.jpg"" style=""height:760px;background:#eee;object-fit:contain"" data-index=""6"" class=""slick-slide slick-cloned""></div></div></div></div></div></div></div>",http://list.xubei.org/goods_details?goodsId=3856734,T 6 北部：斗鱼神豪号★传说光耀★冠军幻神★全音效卡★荣耀世冠套★98K星神★USP雷暴★AG★SV★白鲨★CFS★冠军★荣耀★全套皮肤★6烈6狙6副★各种小人枪★生化★爆破★,52864434139306
"<div style=""padding:20px;padding-bottom:40px""><div class=""ant-row"" style=""margin-bottom:30px""><div style=""font-size:14px;color:#666666;margin-bottom:20px"" class=""ant-col-24""><span style=""margin-right:5px;font-weight:bold"">英雄级道具数量</span><span style=""margin-right:5px"">:</span><span>150</span></div><div style=""font-size:14px;color:#666666;margin-bottom:20px"" class=""ant-col-24""><span style=""margin-right:5px;font-weight:bold"">王者级道具数</span><span style=""margin-right:5px"">:</span><span>10</span></div><div style=""font-size:14px;color:#666666;margin-bottom:20px"" class=""ant-col-24""><span style=""margin-right:5px;font-weight:bold"">人物角色</span><span style=""margin-right:5px"">:</span><span>Ｓ８南部：神豪完美号★传说女帝★幻灵套★周瑜皮肤／幻神音效卡★黄金猫猫白鲨★USP雷暴★幻兽沙鹰★荣耀雷神★SV毁灭★冠军之势★六烈六盘★价格不贵★完美四防角色一堆★足够你玩的★</span></div><div style=""font-size:14px;color:#666666;margin-bottom:20px"" class=""ant-col-24""><span style=""margin-right:5px;font-weight:bold"">主武器</span><span style=""margin-right:5px"">:</span><span>Ｓ８南部：神豪完美号★传说女帝★幻灵套★周瑜皮肤／幻神音效卡★黄金猫猫白鲨★USP雷暴★幻兽沙鹰★荣耀雷神★SV毁灭★冠军之势★六烈六盘★价格不贵★完美四防角色一堆★足够你玩的★</span></div><div style=""font-size:14px;color:#666666;margin-bottom:20px"" class=""ant-col-24""><span style=""margin-right:5px;font-weight:bold"">CF皮肤</span><span style=""margin-right:5px"">:</span><span>Ｓ８南部：神豪完美号★传说女帝★幻灵套★周瑜皮肤／幻神音效卡★黄金猫猫白鲨★USP雷暴★幻兽沙鹰★荣耀雷神★SV毁灭★冠军之势★六烈六盘★价格不贵★完美四防角色一堆★足够你玩的★</span></div><div style=""font-size:14px;color:#666666;margin-bottom:20px"" class=""ant-col-24""><span style=""margin-right:5px;font-weight:bold"">副武器</span><span style=""margin-right:5px"">:</span><span>Ｓ８南部：神豪完美号★传说女帝★幻灵套★周瑜皮肤／幻神音效卡★黄金猫猫白鲨★USP雷暴★幻兽沙鹰★荣耀雷神★SV毁灭★冠军之势★六烈六盘★价格不贵★完美四防角色一堆★足够你玩的★</span></div><div style=""font-size:14px;color:#666666;margin-bottom:20px"" class=""ant-col-24""><span style=""margin-right:5px;font-weight:bold"">枪王排位等级</span><span style=""margin-right:5px"">:</span><span>枪王之王</span></div><div style=""font-size:14px;color:#666666;margin-bottom:20px"" class=""ant-col-24""><span style=""margin-right:5px;font-weight:bold"">近身</span><span style=""margin-right:5px"">:</span><span>Ｓ８南部：神豪完美号★传说女帝★幻灵套★周瑜皮肤／幻神音效卡★黄金猫猫白鲨★USP雷暴★幻兽沙鹰★荣耀雷神★SV毁灭★冠军之势★六烈六盘★价格不贵★完美四防角色一堆★足够你玩的★</span></div><div style=""font-size:14px;color:#666666;margin-bottom:20px"" class=""ant-col-24""><span style=""margin-right:5px;font-weight:bold"">投掷</span><span style=""margin-right:5px"">:</span><span>Ｓ８南部：神豪完美号★传说女帝★幻灵套★周瑜皮肤／幻神音效卡★黄金猫猫白鲨★USP雷暴★幻兽沙鹰★荣耀雷神★SV毁灭★冠军之势★六烈六盘★价格不贵★完美四防角色一堆★足够你玩的★</span></div><div style=""font-size:14px;color:#666666;margin-bottom:20px"" class=""ant-col-24""><span style=""margin-right:5px;font-weight:bold"">道具</span><span style=""margin-right:5px"">:</span><span>Ｓ８南部：神豪完美号★传说女帝★幻灵套★周瑜皮肤／幻神音效卡★黄金猫猫白鲨★USP雷暴★幻兽沙鹰★荣耀雷神★SV毁灭★冠军之势★六烈六盘★价格不贵★完美四防角色一堆★足够你玩的★</span></div><div style=""font-size:14px;color:#666666;margin-bottom:20px"" class=""ant-col-24""><span style=""margin-right:5px;font-weight:bold"">其他</span><span style=""margin-right:5px"">:</span><span>Ｓ８南部：神豪完美号★传说女帝★幻灵套★周瑜皮肤／幻神音效卡★黄金猫猫白鲨★USP雷暴★幻兽沙鹰★荣耀雷神★SV毁灭★冠军之势★六烈六盘★价格不贵★完美四防角色一堆★足够你玩的★</span></div><div style=""font-size:14px;color:#666666;margin-bottom:20px"" class=""ant-col-24""><span style=""margin-right:5px;font-weight:bold"">套装</span><span style=""margin-right:5px"">:</span><span>爆破装</span></div><div style=""font-size:14px;color:#666666;margin-bottom:20px"" class=""ant-col-24""><span style=""margin-right:5px;font-weight:bold"">排位赛</span><span style=""margin-right:5px"">:</span><span>可排位</span></div><div style=""font-size:14px;color:#666666;margin-bottom:20px"" class=""ant-col-24""><span style=""margin-right:5px;font-weight:bold"">到时不下线</span><span style=""margin-right:5px"">:</span><span>参与</span></div><div style=""font-size:14px;color:#666666;margin-bottom:20px"" class=""ant-col-24""><span style=""margin-right:5px;font-weight:bold"">上号方式</span><span style=""margin-right:5px"">:</span><span>上号器上号</span></div></div><div class=""ant-row""><div class=""titles_styles""><div class=""titles_styles_mark""></div><div class=""titles_styles_word"">账号描述</div></div><div class=""accout_remark_word""><span>Ｓ８南部：神豪完美排位/生化号★传说女帝★幻灵套★周瑜皮肤／幻神音效卡★黄金猫猫白鲨★M200幻神★USP雷暴★幻兽沙鹰★荣耀雷神★SV毁灭★冠军之势★六烈六盘★价格不贵★完美四防角色一堆★足够你玩的★</span></div></div><div class=""ant-row game_picture_card""><div class=""titles_styles""><div class=""titles_styles_mark""></div><div class=""titles_styles_word"">游戏截图</div></div><i class=""anticon anticon-left-circle left_circle_icon""></i><i class=""anticon anticon-right-circle right_circle_icon""></i><div style=""margin-top:20px""><div class=""ant-carousel""><div class=""slick-initialized slick-slider""><div class=""slick-list""><div class=""slick-track""><img src=""http://files.xubei.com/demon/de08dc4185664038adc8be37ca2a7c07.png"" style=""height:760px;background:#eee;object-fit:contain"" data-index=""-1"" class=""slick-slide slick-cloned""><img src=""http://files.xubei.com/demon/b6cbe247b462462d829d742844758be6.png"" style=""outline:none;height:760px;background:#eee;object-fit:contain"" data-index=""0"" class=""slick-slide slick-active slick-cloned"" tabindex=""-1""><img src=""http://files.xubei.com/demon/a09b9616b4724a958c32c91c26cf1ab1.png"" style=""outline:none;height:760px;background:#eee;object-fit:contain"" data-index=""1"" class=""slick-slide slick-cloned"" tabindex=""-1""><img src=""http://files.xubei.com/demon/408eb5768ee644848429ef5eb599ee3f.png"" style=""outline:none;height:760px;background:#eee;object-fit:contain"" data-index=""2"" class=""slick-slide slick-cloned"" tabindex=""-1""><img src=""http://files.xubei.com/demon/1711a66f7ace409c9fd6e7f1d000ec55.png"" style=""outline:none;height:760px;background:#eee;object-fit:contain"" data-index=""3"" class=""slick-slide slick-cloned"" tabindex=""-1""><img src=""http://files.xubei.com/demon/de08dc4185664038adc8be37ca2a7c07.png"" style=""outline:none;height:760px;background:#eee;object-fit:contain"" data-index=""4"" class=""slick-slide slick-cloned"" tabindex=""-1""><img src=""http://files.xubei.com/demon/b6cbe247b462462d829d742844758be6.png"" style=""height:760px;background:#eee;object-fit:contain"" data-index=""5"" class=""slick-slide slick-cloned""></div></div></div></div></div></div></div>",http://list.xubei.org/goods_details?goodsId=3858915,Ｓ８南部：神豪完美排位/生化号★传说女帝★幻灵套★周瑜皮肤／幻神音效卡★黄金猫猫白鲨★M200幻神★USP雷暴★幻兽沙鹰★荣耀雷神★SV毁灭★冠军之势★六烈六盘★价格不贵★完美四防角色一堆★足够你玩的,13868067869339
"<div style=""padding:20px;padding-bottom:40px""><div class=""ant-row"" style=""margin-bottom:30px""><div style=""font-size:14px;color:#666666;margin-bottom:20px"" class=""ant-col-24""><span style=""margin-right:5px;font-weight:bold"">英雄级道具数量</span><span style=""margin-right:5px"">:</span><span>200</span></div><div style=""font-size:14px;color:#666666;margin-bottom:20px"" class=""ant-col-24""><span style=""margin-right:5px;font-weight:bold"">王者级道具数</span><span style=""margin-right:5px"">:</span><span>30</span></div><div style=""font-size:14px;color:#666666;margin-bottom:20px"" class=""ant-col-24""><span style=""margin-right:5px;font-weight:bold"">人物角色</span><span style=""margin-right:5px"">:</span><span>U 2 北部：传说女帝★幻神AG★幻神周瑜★幻神音效卡★传说光耀-序列号版★传说圣灵★盘古火麒麟★伏羲★幻灵坠天神COP★冠军★CFS★全新王者武器★雷神小红★影豹★应有尽有★欢迎来租★</span></div><div style=""font-size:14px;color:#666666;margin-bottom:20px"" class=""ant-col-24""><span style=""margin-right:5px;font-weight:bold"">主武器</span><span style=""margin-right:5px"">:</span><span>U 2 北部：传说女帝★幻神AG★幻神周瑜★幻神音效卡★传说光耀-序列号版★传说圣灵★盘古火麒麟★伏羲★幻灵坠天神COP★冠军★CFS★全新王者武器★雷神小红★影豹★应有尽有★欢迎来租★</span></div><div style=""font-size:14px;color:#666666;margin-bottom:20px"" class=""ant-col-24""><span style=""margin-right:5px;font-weight:bold"">CF皮肤</span><span style=""margin-right:5px"">:</span><span>老板您好，请上号查看，应有尽有！ 感谢老板！</span></div><div style=""font-size:14px;color:#666666;margin-bottom:20px"" class=""ant-col-24""><span style=""margin-right:5px;font-weight:bold"">副武器</span><span style=""margin-right:5px"">:</span><span>老板您好，请上号查看，应有尽有！ 感谢老板！</span></div><div style=""font-size:14px;color:#666666;margin-bottom:20px"" class=""ant-col-24""><span style=""margin-right:5px;font-weight:bold"">枪王排位等级</span><span style=""margin-right:5px"">:</span><span>新锐</span></div><div style=""font-size:14px;color:#666666;margin-bottom:20px"" class=""ant-col-24""><span style=""margin-right:5px;font-weight:bold"">近身</span><span style=""margin-right:5px"">:</span><span>老板您好，请上号查看，应有尽有！ 感谢老板！</span></div><div style=""font-size:14px;color:#666666;margin-bottom:20px"" class=""ant-col-24""><span style=""margin-right:5px;font-weight:bold"">投掷</span><span style=""margin-right:5px"">:</span><span>老板您好，请上号查看，应有尽有！ 感谢老板！</span></div><div style=""font-size:14px;color:#666666;margin-bottom:20px"" class=""ant-col-24""><span style=""margin-right:5px;font-weight:bold"">道具</span><span style=""margin-right:5px"">:</span><span>老板您好，请上号查看，应有尽有！ 感谢老板！</span></div><div style=""font-size:14px;color:#666666;margin-bottom:20px"" class=""ant-col-24""><span style=""margin-right:5px;font-weight:bold"">其他</span><span style=""margin-right:5px"">:</span><span>老板您好，请上号查看，应有尽有！ 感谢老板！</span></div><div style=""font-size:14px;color:#666666;margin-bottom:20px"" class=""ant-col-24""><span style=""margin-right:5px;font-weight:bold"">套装</span><span style=""margin-right:5px"">:</span><span>双全装</span></div><div style=""font-size:14px;color:#666666;margin-bottom:20px"" class=""ant-col-24""><span style=""margin-right:5px;font-weight:bold"">排位赛</span><span style=""margin-right:5px"">:</span><span>可排位</span></div><div style=""font-size:14px;color:#666666;margin-bottom:20px"" class=""ant-col-24""><span style=""margin-right:5px;font-weight:bold"">到时不下线</span><span style=""margin-right:5px"">:</span><span>参与</span></div><div style=""font-size:14px;color:#666666;margin-bottom:20px"" class=""ant-col-24""><span style=""margin-right:5px;font-weight:bold"">上号方式</span><span style=""margin-right:5px"">:</span><span>上号器上号</span></div></div><div class=""ant-row""><div class=""titles_styles""><div class=""titles_styles_mark""></div><div class=""titles_styles_word"">账号描述</div></div><div class=""accout_remark_word""><span>U 2 北部：传说女帝★幻神AG★幻神周瑜★幻神音效卡★传说光耀-序列号版★传说圣灵★盘古火麒麟★伏羲★幻灵坠天神COP★冠军★CFS★全新王者武器★雷神小红★影豹★应有尽有★欢迎来租★</span></div></div><div class=""ant-row game_picture_card""><div class=""titles_styles""><div class=""titles_styles_mark""></div><div class=""titles_styles_word"">游戏截图</div></div><i class=""anticon anticon-left-circle left_circle_icon""></i><i class=""anticon anticon-right-circle right_circle_icon""></i><div style=""margin-top:20px""><div class=""ant-carousel""><div class=""slick-initialized slick-slider""><div class=""slick-list""><div class=""slick-track""><img src=""http://files.xubei.com/demon/958cb9e6a59e4ddc91511acbafee664e.jpg"" style=""height:760px;background:#eee;object-fit:contain"" data-index=""-1"" class=""slick-slide slick-cloned""><img src=""http://files.xubei.com/demon/8946e60241e24e6688e197ad0bdeb948.jpg"" style=""outline:none;height:760px;background:#eee;object-fit:contain"" data-index=""0"" class=""slick-slide slick-active slick-cloned"" tabindex=""-1""><img src=""http://files.xubei.com/demon/ee5f0b0576384435971543455432aaba.jpg"" style=""outline:none;height:760px;background:#eee;object-fit:contain"" data-index=""1"" class=""slick-slide slick-cloned"" tabindex=""-1""><img src=""http://files.xubei.com/demon/6b70b24a03b74e9fab4b15f9f0c5a5ba.jpg"" style=""outline:none;height:760px;background:#eee;object-fit:contain"" data-index=""2"" class=""slick-slide slick-cloned"" tabindex=""-1""><img src=""http://files.xubei.com/demon/df188d6b640147b286ef333bfdeabae6.jpg"" style=""outline:none;height:760px;background:#eee;object-fit:contain"" data-index=""3"" class=""slick-slide slick-cloned"" tabindex=""-1""><img src=""http://files.xubei.com/demon/418e302769eb4ee5a5d30a458206be77.jpg"" style=""outline:none;height:760px;background:#eee;object-fit:contain"" data-index=""4"" class=""slick-slide slick-cloned"" tabindex=""-1""><img src=""http://files.xubei.com/demon/958cb9e6a59e4ddc91511acbafee664e.jpg"" style=""outline:none;height:760px;background:#eee;object-fit:contain"" data-index=""5"" class=""slick-slide slick-cloned"" tabindex=""-1""><img src=""http://files.xubei.com/demon/8946e60241e24e6688e197ad0bdeb948.jpg"" style=""height:760px;background:#eee;object-fit:contain"" data-index=""6"" class=""slick-slide slick-cloned""></div></div></div></div></div></div></div>",http://list.xubei.org/goods_details?goodsId=3856769,U 2 北部：传说女帝★幻神AG★幻神周瑜★幻神音效卡★传说光耀-序列号版★传说圣灵★盘古火麒麟★伏羲★幻灵坠天神COP★冠军★CFS★全新王者武器★雷神小红★影豹★应有尽有★欢迎来租★,55864434128524
"<div style=""padding:20px;padding-bottom:40px""><div class=""ant-row"" style=""margin-bottom:30px""><div style=""font-size:14px;color:#666666;margin-bottom:20px"" class=""ant-col-24""><span style=""margin-right:5px;font-weight:bold"">英雄级道具数量</span><span style=""margin-right:5px"">:</span><span>150</span></div><div style=""font-size:14px;color:#666666;margin-bottom:20px"" class=""ant-col-24""><span style=""margin-right:5px;font-weight:bold"">王者级道具数</span><span style=""margin-right:5px"">:</span><span>10</span></div><div style=""font-size:14px;color:#666666;margin-bottom:20px"" class=""ant-col-24""><span style=""margin-right:5px;font-weight:bold"">人物角色</span><span style=""margin-right:5px"">:</span><span>B 1 北部：权网首发-传说圣灵★AG幻神★幻神音效卡★石头横秒之巅★影豹（可透视队友）★小红M4★世冠柯尔特★2幻灵COP★烈虎★小乔★荣耀世冠★CFS★全套皮肤★各种小人枪★生化★爆破★挑战★排位★应有尽有★欢迎来租★</span></div><div style=""font-size:14px;color:#666666;margin-bottom:20px"" class=""ant-col-24""><span style=""margin-right:5px;font-weight:bold"">主武器</span><span style=""margin-right:5px"">:</span><span>B 1 北部：权网首发-传说圣灵★AG幻神★幻神音效卡★石头横秒之巅★影豹（可透视队友）★小红M4★世冠柯尔特★2幻灵COP★烈虎★小乔★荣耀世冠★CFS★全套皮肤★各种小人枪★生化★爆破★挑战★排位★应有尽有★欢迎来租★</span></div><div style=""font-size:14px;color:#666666;margin-bottom:20px"" class=""ant-col-24""><span style=""margin-right:5px;font-weight:bold"">CF皮肤</span><span style=""margin-right:5px"">:</span><span>老板你好：上号看，有你喜欢的，应有尽有，必须让你有面子！</span></div><div style=""font-size:14px;color:#666666;margin-bottom:20px"" class=""ant-col-24""><span style=""margin-right:5px;font-weight:bold"">副武器</span><span style=""margin-right:5px"">:</span><span>老板你好：上号看，有你喜欢的，应有尽有，必须让你有面子！</span></div><div style=""font-size:14px;color:#666666;margin-bottom:20px"" class=""ant-col-24""><span style=""margin-right:5px;font-weight:bold"">枪王排位等级</span><span style=""margin-right:5px"">:</span><span>枪王</span></div><div style=""font-size:14px;color:#666666;margin-bottom:20px"" class=""ant-col-24""><span style=""margin-right:5px;font-weight:bold"">近身</span><span style=""margin-right:5px"">:</span><span>老板你好：上号看，有你喜欢的，应有尽有，必须让你有面子！</span></div><div style=""font-size:14px;color:#666666;margin-bottom:20px"" class=""ant-col-24""><span style=""margin-right:5px;font-weight:bold"">投掷</span><span style=""margin-right:5px"">:</span><span>老板你好：上号看，有你喜欢的，应有尽有，必须让你有面子！</span></div><div style=""font-size:14px;color:#666666;margin-bottom:20px"" class=""ant-col-24""><span style=""margin-right:5px;font-weight:bold"">道具</span><span style=""margin-right:5px"">:</span><span>老板你好：上号看，有你喜欢的，应有尽有，必须让你有面子！</span></div><div style=""font-size:14px;color:#666666;margin-bottom:20px"" class=""ant-col-24""><span style=""margin-right:5px;font-weight:bold"">其他</span><span style=""margin-right:5px"">:</span><span>老板你好：上号看，有你喜欢的，应有尽有，必须让你有面子！</span></div><div style=""font-size:14px;color:#666666;margin-bottom:20px"" class=""ant-col-24""><span style=""margin-right:5px;font-weight:bold"">套装</span><span style=""margin-right:5px"">:</span><span>双全装</span></div><div style=""font-size:14px;color:#666666;margin-bottom:20px"" class=""ant-col-24""><span style=""margin-right:5px;font-weight:bold"">排位赛</span><span style=""margin-right:5px"">:</span><span>可排位</span></div><div style=""font-size:14px;color:#666666;margin-bottom:20px"" class=""ant-col-24""><span style=""margin-right:5px;font-weight:bold"">到时不下线</span><span style=""margin-right:5px"">:</span><span>参与</span></div><div style=""font-size:14px;color:#666666;margin-bottom:20px"" class=""ant-col-24""><span style=""margin-right:5px;font-weight:bold"">上号方式</span><span style=""margin-right:5px"">:</span><span>上号器上号</span></div></div><div class=""ant-row""><div class=""titles_styles""><div class=""titles_styles_mark""></div><div class=""titles_styles_word"">账号描述</div></div><div class=""accout_remark_word""><span>B 1 北部：传说圣灵★AG幻神★幻神音效卡★石头横秒之巅★影豹（可透视队友）★小红M4★世冠柯尔特★2幻灵COP★烈虎★小乔★荣耀世冠★CFS★全套皮肤★各种小人枪★生化★爆破★挑战★排位★应有尽有★欢迎来租★</span></div></div><div class=""ant-row game_picture_card""><div class=""titles_styles""><div class=""titles_styles_mark""></div><div class=""titles_styles_word"">游戏截图</div></div><i class=""anticon anticon-left-circle left_circle_icon""></i><i class=""anticon anticon-right-circle right_circle_icon""></i><div style=""margin-top:20px""><div class=""ant-carousel""><div class=""slick-initialized slick-slider""><div class=""slick-list""><div class=""slick-track""><img src=""http://files.xubei.com/demon/d344b4bd76de4a1cb719542f55c5071d.jpg"" style=""height:760px;background:#eee;object-fit:contain"" data-index=""-1"" class=""slick-slide slick-cloned""><img src=""http://files.xubei.com/demon/1db31091a40f41fe8d72e06cba5e1f3a.jpg"" style=""outline:none;height:760px;background:#eee;object-fit:contain"" data-index=""0"" class=""slick-slide slick-active slick-cloned"" tabindex=""-1""><img src=""http://files.xubei.com/demon/4827181e9de148798fbcf842bece0f29.jpg"" style=""outline:none;height:760px;background:#eee;object-fit:contain"" data-index=""1"" class=""slick-slide slick-cloned"" tabindex=""-1""><img src=""http://files.xubei.com/demon/d8932adb499b4d65ace8fd85018500d0.jpg"" style=""outline:none;height:760px;background:#eee;object-fit:contain"" data-index=""2"" class=""slick-slide slick-cloned"" tabindex=""-1""><img src=""http://files.xubei.com/demon/d344b4bd76de4a1cb719542f55c5071d.jpg"" style=""outline:none;height:760px;background:#eee;object-fit:contain"" data-index=""3"" class=""slick-slide slick-cloned"" tabindex=""-1""><img src=""http://files.xubei.com/demon/1db31091a40f41fe8d72e06cba5e1f3a.jpg"" style=""height:760px;background:#eee;object-fit:contain"" data-index=""4"" class=""slick-slide slick-cloned""></div></div></div></div></div></div></div>",http://list.xubei.org/goods_details?goodsId=3856749,B 1 北部：传说圣灵★AG幻神★幻神音效卡★石头横秒之巅★影豹（可透视队友）★小红M4★世冠柯尔特★2幻灵COP★烈虎★小乔★荣耀世冠★CFS★全套皮肤★各种小人枪★生化★爆破★挑战★排位★应有尽有,948644341625
"<div style=""padding:20px;padding-bottom:40px""><div class=""ant-row"" style=""margin-bottom:30px""><div style=""font-size:14px;color:#666666;margin-bottom:20px"" class=""ant-col-24""><span style=""margin-right:5px;font-weight:bold"">英雄级道具数量</span><span style=""margin-right:5px"">:</span><span>40</span></div><div style=""font-size:14px;color:#666666;margin-bottom:20px"" class=""ant-col-24""><span style=""margin-right:5px;font-weight:bold"">王者级道具数</span><span style=""margin-right:5px"">:</span><span>1</span></div><div style=""font-size:14px;color:#666666;margin-bottom:20px"" class=""ant-col-24""><span style=""margin-right:5px;font-weight:bold"">人物角色</span><span style=""margin-right:5px"">:</span><span>mand-六盘六烈六炼狱➕蝴蝶满配生化号-毁灭天龙极光雷神等等</span></div><div style=""font-size:14px;color:#666666;margin-bottom:20px"" class=""ant-col-24""><span style=""margin-right:5px;font-weight:bold"">主武器</span><span style=""margin-right:5px"">:</span><span>见截图</span></div><div style=""font-size:14px;color:#666666;margin-bottom:20px"" class=""ant-col-24""><span style=""margin-right:5px;font-weight:bold"">CF皮肤</span><span style=""margin-right:5px"">:</span><span>见截图</span></div><div style=""font-size:14px;color:#666666;margin-bottom:20px"" class=""ant-col-24""><span style=""margin-right:5px;font-weight:bold"">副武器</span><span style=""margin-right:5px"">:</span><span>见截图</span></div><div style=""font-size:14px;color:#666666;margin-bottom:20px"" class=""ant-col-24""><span style=""margin-right:5px;font-weight:bold"">枪王排位等级</span><span style=""margin-right:5px"">:</span><span></span></div><div style=""font-size:14px;color:#666666;margin-bottom:20px"" class=""ant-col-24""><span style=""margin-right:5px;font-weight:bold"">近身</span><span style=""margin-right:5px"">:</span><span>见截图</span></div><div style=""font-size:14px;color:#666666;margin-bottom:20px"" class=""ant-col-24""><span style=""margin-right:5px;font-weight:bold"">投掷</span><span style=""margin-right:5px"">:</span><span>见截图</span></div><div style=""font-size:14px;color:#666666;margin-bottom:20px"" class=""ant-col-24""><span style=""margin-right:5px;font-weight:bold"">道具</span><span style=""margin-right:5px"">:</span><span>见截图</span></div><div style=""font-size:14px;color:#666666;margin-bottom:20px"" class=""ant-col-24""><span style=""margin-right:5px;font-weight:bold"">其他</span><span style=""margin-right:5px"">:</span><span></span></div><div style=""font-size:14px;color:#666666;margin-bottom:20px"" class=""ant-col-24""><span style=""margin-right:5px;font-weight:bold"">套装</span><span style=""margin-right:5px"">:</span><span>生化装</span></div><div style=""font-size:14px;color:#666666;margin-bottom:20px"" class=""ant-col-24""><span style=""margin-right:5px;font-weight:bold"">排位赛</span><span style=""margin-right:5px"">:</span><span>可排位</span></div><div style=""font-size:14px;color:#666666;margin-bottom:20px"" class=""ant-col-24""><span style=""margin-right:5px;font-weight:bold"">到时不下线</span><span style=""margin-right:5px"">:</span><span>参与</span></div><div style=""font-size:14px;color:#666666;margin-bottom:20px"" class=""ant-col-24""><span style=""margin-right:5px;font-weight:bold"">上号方式</span><span style=""margin-right:5px"">:</span><span>上号器上号</span></div></div><div class=""ant-row""><div class=""titles_styles""><div class=""titles_styles_mark""></div><div class=""titles_styles_word"">账号描述</div></div><div class=""accout_remark_word""><span>mand-六盘六烈六炼狱蝴蝶满配生化号-毁灭天龙极光雷神等等</span></div></div><div class=""ant-row game_picture_card""><div class=""titles_styles""><div class=""titles_styles_mark""></div><div class=""titles_styles_word"">游戏截图</div></div><i class=""anticon anticon-left-circle left_circle_icon""></i><i class=""anticon anticon-right-circle right_circle_icon""></i><div style=""margin-top:20px""><div class=""ant-carousel""><div class=""slick-initialized slick-slider""><div class=""slick-list""><div class=""slick-track""><img src=""http://files.xubei.com/demon/196cc8d9f19a4f4baa05f7fdc2146fce.jpg"" style=""height:760px;background:#eee;object-fit:contain"" data-index=""-1"" class=""slick-slide slick-cloned""><img src=""http://files.xubei.com/demon/1f76130e5f0a4877983d355adee5cdb8.jpg"" style=""outline:none;height:760px;background:#eee;object-fit:contain"" data-index=""0"" class=""slick-slide slick-active slick-cloned"" tabindex=""-1""><img src=""http://files.xubei.com/demon/83aaeb19e1bb4161a957f321fcad6da0.jpg"" style=""outline:none;height:760px;background:#eee;object-fit:contain"" data-index=""1"" class=""slick-slide slick-cloned"" tabindex=""-1""><img src=""http://files.xubei.com/demon/7df2d837c81842b99491f8113d821c0e.jpg"" style=""outline:none;height:760px;background:#eee;object-fit:contain"" data-index=""2"" class=""slick-slide slick-cloned"" tabindex=""-1""><img src=""http://files.xubei.com/demon/5904cf7a47e249d9b8d5f4f94c81c74b.jpg"" style=""outline:none;height:760px;background:#eee;object-fit:contain"" data-index=""3"" class=""slick-slide slick-cloned"" tabindex=""-1""><img src=""http://files.xubei.com/demon/0ec55019d7534a68b2220246da2bb9ca.jpg"" style=""outline:none;height:760px;background:#eee;object-fit:contain"" data-index=""4"" class=""slick-slide slick-cloned"" tabindex=""-1""><img src=""http://files.xubei.com/demon/196cc8d9f19a4f4baa05f7fdc2146fce.jpg"" style=""outline:none;height:760px;background:#eee;object-fit:contain"" data-index=""5"" class=""slick-slide slick-cloned"" tabindex=""-1""><img src=""http://files.xubei.com/demon/1f76130e5f0a4877983d355adee5cdb8.jpg"" style=""height:760px;background:#eee;object-fit:contain"" data-index=""6"" class=""slick-slide slick-cloned""></div></div></div></div></div></div></div>",http://list.xubei.org/goods_details?goodsId=3391483,mand-六盘六烈六炼狱蝴蝶满配生化号-毁灭天龙极光雷神等等,99337656015299
"<div style=""padding:20px;padding-bottom:40px""><div class=""ant-row"" style=""margin-bottom:30px""><div style=""font-size:14px;color:#666666;margin-bottom:20px"" class=""ant-col-24""><span style=""margin-right:5px;font-weight:bold"">英雄级道具数量</span><span style=""margin-right:5px"">:</span><span>98</span></div><div style=""font-size:14px;color:#666666;margin-bottom:20px"" class=""ant-col-24""><span style=""margin-right:5px;font-weight:bold"">王者级道具数</span><span style=""margin-right:5px"">:</span><span>3</span></div><div style=""font-size:14px;color:#666666;margin-bottom:20px"" class=""ant-col-24""><span style=""margin-right:5px;font-weight:bold"">人物角色</span><span style=""margin-right:5px"">:</span><span>6英雄角色全能</span></div><div style=""font-size:14px;color:#666666;margin-bottom:20px"" class=""ant-col-24""><span style=""margin-right:5px;font-weight:bold"">主武器</span><span style=""margin-right:5px"">:</span><span>6步枪6盘龙6列龙6狙击枪全能</span></div><div style=""font-size:14px;color:#666666;margin-bottom:20px"" class=""ant-col-24""><span style=""margin-right:5px;font-weight:bold"">CF皮肤</span><span style=""margin-right:5px"">:</span><span>12套全能</span></div><div style=""font-size:14px;color:#666666;margin-bottom:20px"" class=""ant-col-24""><span style=""margin-right:5px;font-weight:bold"">副武器</span><span style=""margin-right:5px"">:</span><span>6修罗全能</span></div><div style=""font-size:14px;color:#666666;margin-bottom:20px"" class=""ant-col-24""><span style=""margin-right:5px;font-weight:bold"">枪王排位等级</span><span style=""margin-right:5px"">:</span><span>精英</span></div><div style=""font-size:14px;color:#666666;margin-bottom:20px"" class=""ant-col-24""><span style=""margin-right:5px;font-weight:bold"">近身</span><span style=""margin-right:5px"">:</span><span>英雄12把刀全能</span></div><div style=""font-size:14px;color:#666666;margin-bottom:20px"" class=""ant-col-24""><span style=""margin-right:5px;font-weight:bold"">投掷</span><span style=""margin-right:5px"">:</span><span>英雄投弹生化投弹投弹全能</span></div><div style=""font-size:14px;color:#666666;margin-bottom:20px"" class=""ant-col-24""><span style=""margin-right:5px;font-weight:bold"">道具</span><span style=""margin-right:5px"">:</span><span>步枪狙击枪机枪手机弹夹全能</span></div><div style=""font-size:14px;color:#666666;margin-bottom:20px"" class=""ant-col-24""><span style=""margin-right:5px;font-weight:bold"">其他</span><span style=""margin-right:5px"">:</span><span>全能</span></div><div style=""font-size:14px;color:#666666;margin-bottom:20px"" class=""ant-col-24""><span style=""margin-right:5px;font-weight:bold"">套装</span><span style=""margin-right:5px"">:</span><span>双全装</span></div><div style=""font-size:14px;color:#666666;margin-bottom:20px"" class=""ant-col-24""><span style=""margin-right:5px;font-weight:bold"">排位赛</span><span style=""margin-right:5px"">:</span><span>可排位</span></div><div style=""font-size:14px;color:#666666;margin-bottom:20px"" class=""ant-col-24""><span style=""margin-right:5px;font-weight:bold"">到时不下线</span><span style=""margin-right:5px"">:</span><span>参与</span></div><div style=""font-size:14px;color:#666666;margin-bottom:20px"" class=""ant-col-24""><span style=""margin-right:5px;font-weight:bold"">上号方式</span><span style=""margin-right:5px"">:</span><span>上号器上号</span></div></div><div class=""ant-row""><div class=""titles_styles""><div class=""titles_styles_mark""></div><div class=""titles_styles_word"">账号描述</div></div><div class=""accout_remark_word""><span>欢迎各位老板下单  禁止挂机哦</span></div></div><div class=""ant-row game_picture_card""><div class=""titles_styles""><div class=""titles_styles_mark""></div><div class=""titles_styles_word"">游戏截图</div></div><i class=""anticon anticon-left-circle left_circle_icon""></i><i class=""anticon anticon-right-circle right_circle_icon""></i><div style=""margin-top:20px""><div class=""ant-carousel""><div class=""slick-initialized slick-slider""><div class=""slick-list""><div class=""slick-track""><img src=""http://files.xubei.com/demon/b66f21a899d84e58a7bfc0bb06576fa3.jpg"" style=""height:760px;background:#eee;object-fit:contain"" data-index=""-1"" class=""slick-slide slick-cloned""><img src=""http://files.xubei.com/demon/60e093e0dab94904b30b15a1901f932d.jpg"" style=""outline:none;height:760px;background:#eee;object-fit:contain"" data-index=""0"" class=""slick-slide slick-active slick-cloned"" tabindex=""-1""><img src=""http://files.xubei.com/demon/3d0b88a8330545f4ae18568930878bbd.jpg"" style=""outline:none;height:760px;background:#eee;object-fit:contain"" data-index=""1"" class=""slick-slide slick-cloned"" tabindex=""-1""><img src=""http://files.xubei.com/demon/aad6dbf333eb4d4fbae5f6ed0ce1bf6a.jpg"" style=""outline:none;height:760px;background:#eee;object-fit:contain"" data-index=""2"" class=""slick-slide slick-cloned"" tabindex=""-1""><img src=""http://files.xubei.com/demon/059445ef7ab049b6991c8e1e61fd33b4.jpg"" style=""outline:none;height:760px;background:#eee;object-fit:contain"" data-index=""3"" class=""slick-slide slick-cloned"" tabindex=""-1""><img src=""http://files.xubei.com/demon/b66f21a899d84e58a7bfc0bb06576fa3.jpg"" style=""outline:none;height:760px;background:#eee;object-fit:contain"" data-index=""4"" class=""slick-slide slick-cloned"" tabindex=""-1""><img src=""http://files.xubei.com/demon/60e093e0dab94904b30b15a1901f932d.jpg"" style=""height:760px;background:#eee;object-fit:contain"" data-index=""5"" class=""slick-slide slick-cloned""></div></div></div></div></div></div></div>",http://list.xubei.org/goods_details?goodsId=3740236,6步枪6盘龙6列龙6狙击枪幻神全能,37745547861752
